"Issuer name","Industry","Period","Value"
"ABN Amro N.V.","Financial services","2024-12",656
"ABN Amro N.V.","Financial services","2024-11",667
"ABN Amro N.V.","Financial services","2024-10",668
"ABN Amro N.V.","Financial services","2024-09",680
"ABN Amro N.V.","Financial services","2024-08",679
"ABN Amro N.V.","Financial services","2024-07",676
"ABN Amro N.V.","Financial services","2024-06",684
"ABN Amro N.V.","Financial services","2024-05",719
"ABN Amro N.V.","Financial services","2024-04",653
"ABN Amro N.V.","Financial services","2024-03",665
"ABN Amro N.V.","Financial services","2024-02",645
"ABN Amro N.V.","Financial services","2024-01",648
"ABN Amro N.V.","Financial services","2023-12",648
"ABN Amro N.V.","Financial services","2023-11",642
"ABN Amro N.V.","Financial services","2023-10",616
"ABN Amro N.V.","Financial services","2023-09",648
"ABN Amro N.V.","Financial services","2023-08",674
"ABN Amro N.V.","Financial services","2023-07",629
"ABN Amro N.V.","Financial services","2023-06",599
"ABN Amro N.V.","Financial services","2023-05",583
"ABN Amro N.V.","Financial services","2023-04",605
"ABN Amro N.V.","Financial services","2023-03",595
"ABN Amro N.V.","Financial services","2021-02",447
"ABN Amro N.V.","Financial services","2021-01",450
"ABN Amro N.V.","Financial services","2020-12",462
"ABN Amro N.V.","Financial services","2020-11",452
"ABN Amro N.V.","Financial services","2020-10",361
"ABN Amro N.V.","Financial services","2020-09",366
"ABN Amro N.V.","Financial services","2020-08",367
"ABN Amro N.V.","Financial services","2020-07",353
"ABN Amro N.V.","Financial services","2020-06",398
"ABN Amro N.V.","Financial services","2020-05",346
"ABN Amro N.V.","Financial services","2020-04",332
"ABN Amro N.V.","Financial services","2020-03",308
"ABN Amro N.V.","Financial services","2020-03",407
"ABN Amro N.V.","Financial services","2020-01",438
"ABN Amro N.V.","Financial services","2019-12",462
"ABN Amro N.V.","Financial services","2019-11",444
"ABN Amro N.V.","Financial services","2019-10",416
"ABN Amro N.V.","Financial services","2019-09",410
"ABN Amro N.V.","Financial services","2019-08",347
"ABN Amro N.V.","Financial services","2019-07",362
"ABN Amro N.V.","Financial services","2019-06",371
"ABN Amro N.V.","Financial services","2019-05",362
"ABN Amro N.V.","Financial services","2019-04",381
"ABN Amro N.V.","Financial services","2019-03",371
"ABN Amro N.V.","Financial services","2019-03",359
"ABN Amro N.V.","Financial services","2019-01",283
"ABN Amro N.V.","Financial services","2018-12",262
"Adyen N.V.","Tech","2024-12",719
"Adyen N.V.","Tech","2024-11",748
"Adyen N.V.","Tech","2024-10",750
"Adyen N.V.","Tech","2024-09",765
"Adyen N.V.","Tech","2024-08",768
"Adyen N.V.","Tech","2024-07",692
"Adyen N.V.","Tech","2024-06",727
"Adyen N.V.","Tech","2024-05",782
"Adyen N.V.","Tech","2024-04",759
"Adyen N.V.","Tech","2024-03",815
"Adyen N.V.","Tech","2024-02",818
"Adyen N.V.","Tech","2024-01",737
"Adyen N.V.","Tech","2023-12",737
"Adyen N.V.","Tech","2023-11",704
"Adyen N.V.","Tech","2023-10",525
"Adyen N.V.","Tech","2023-09",604
"Adyen N.V.","Tech","2023-08",593
"Adyen N.V.","Tech","2023-07",716
"Adyen N.V.","Tech","2023-06",694
"Adyen N.V.","Tech","2023-05",668
"Adyen N.V.","Tech","2023-04",662
"Adyen N.V.","Tech","2023-03",686
"Adyen N.V.","Tech","2023-02",679
"Adyen N.V.","Tech","2023-01",649
"Adyen N.V.","Tech","2022-12",605
"Adyen N.V.","Tech","2022-11",656
"Adyen N.V.","Tech","2022-10",641
"Adyen N.V.","Tech","2022-09",582
"Adyen N.V.","Tech","2022-08",676
"Adyen N.V.","Tech","2022-07",722
"Adyen N.V.","Tech","2022-06",601
"Adyen N.V.","Tech","2022-05",628
"Adyen N.V.","Tech","2022-04",687
"Adyen N.V.","Tech","2022-03",735
"Adyen N.V.","Tech","2022-02",732
"Adyen N.V.","Tech","2022-01",689
"Adyen N.V.","Tech","2021-12",873
"Adyen N.V.","Tech","2021-11",901
"Adyen N.V.","Tech","2021-10",954
"Adyen N.V.","Tech","2021-09",876
"Adyen N.V.","Tech","2021-08",965
"Adyen N.V.","Tech","2021-07",813
"Adyen N.V.","Tech","2021-06",749
"Adyen N.V.","Tech","2021-05",714
"Adyen N.V.","Tech","2021-04",719
"Adyen N.V.","Tech","2021-03",705
"Adyen N.V.","Tech","2021-02",663
"Adyen N.V.","Tech","2021-01",583
"Adyen N.V.","Tech","2020-12",621
"Adyen N.V.","Tech","2020-11",546
"Adyen N.V.","Tech","2020-10",484
"Adyen N.V.","Tech","2020-09",513
"Adyen N.V.","Tech","2020-08",505
"Adyen N.V.","Tech","2020-07",499
"Adyen N.V.","Tech","2020-06",444
"Adyen N.V.","Tech","2020-05",435
"Adyen N.V.","Tech","2020-04",342
"Adyen N.V.","Tech","2020-03",295
"Adyen N.V.","Tech","2020-03",327
"Adyen N.V.","Tech","2020-01",347
"Adyen N.V.","Tech","2019-12",307
"Adyen N.V.","Tech","2019-11",369
"Adyen N.V.","Tech","2019-10",347
"Adyen N.V.","Tech","2019-09",330
"Adyen N.V.","Tech","2019-08",383
"Adyen N.V.","Tech","2019-07",447
"Adyen N.V.","Tech","2019-06",470
"Adyen N.V.","Tech","2019-05",43
"Adyen N.V.","Tech","2019-04",44
"Adyen N.V.","Tech","2019-03",41
"Aegon Ltd.","Financial services","2024-12",701
"Aegon Ltd.","Financial services","2024-11",756
"Aegon Ltd.","Financial services","2024-10",769
"Aegon Ltd.","Financial services","2024-09",781
"Aegon Ltd.","Financial services","2024-08",755
"Aegon Ltd.","Financial services","2024-07",803
"Aegon Ltd.","Financial services","2024-06",788
"Aegon Ltd.","Financial services","2024-05",802
"Aegon Ltd.","Financial services","2024-04",813
"Aegon Ltd.","Financial services","2024-03",799
"Aegon Ltd.","Financial services","2024-02",808
"Aegon Ltd.","Financial services","2024-01",804
"Aegon Ltd.","Financial services","2023-12",811
"Aegon Ltd.","Financial services","2023-11",851
"Aegon Ltd.","Financial services","2023-10",822
"Aegon Ltd.","Financial services","2023-09",839
"Aegon Ltd.","Financial services","2023-08",879
"Aegon Ltd.","Financial services","2023-07",923
"Aegon Ltd.","Financial services","2023-06",911
"Aegon Ltd.","Financial services","2023-05",822
"Aegon Ltd.","Financial services","2023-04",805
"Aegon Ltd.","Financial services","2023-03",763
"Aegon Ltd.","Financial services","2023-02",786
"Aegon Ltd.","Financial services","2023-01",793
"Aegon Ltd.","Financial services","2022-12",761
"Aegon Ltd.","Financial services","2022-11",779
"Aegon Ltd.","Financial services","2022-10",783
"Aegon Ltd.","Financial services","2022-09",695
"Aegon Ltd.","Financial services","2022-08",756
"Aegon Ltd.","Financial services","2022-07",744
"Aegon Ltd.","Financial services","2022-06",704
"Aegon Ltd.","Financial services","2022-05",831
"Aegon Ltd.","Financial services","2022-04",819
"Aegon Ltd.","Financial services","2022-03",827
"Aegon Ltd.","Financial services","2022-02",758
"Aegon Ltd.","Financial services","2022-01",848
"Aegon Ltd.","Financial services","2021-12",780
"Aegon Ltd.","Financial services","2021-11",719
"Aegon Ltd.","Financial services","2021-10",781
"Aegon Ltd.","Financial services","2021-09",798
"Aegon Ltd.","Financial services","2021-08",784
"Aegon Ltd.","Financial services","2021-07",723
"Aegon Ltd.","Financial services","2021-06",693
"Aegon Ltd.","Financial services","2021-05",715
"Aegon Ltd.","Financial services","2021-04",705
"Aegon Ltd.","Financial services","2021-03",708
"Aegon Ltd.","Financial services","2021-02",689
"Aegon Ltd.","Financial services","2021-01",631
"Aegon Ltd.","Financial services","2020-12",618
"Aegon Ltd.","Financial services","2020-11",613
"Aegon Ltd.","Financial services","2020-10",501
"Aegon Ltd.","Financial services","2020-09",501
"Aegon Ltd.","Financial services","2020-08",485
"Aegon Ltd.","Financial services","2020-07",468
"Aegon Ltd.","Financial services","2020-06",497
"Aegon Ltd.","Financial services","2020-05",449
"Aegon Ltd.","Financial services","2020-04",439
"Aegon Ltd.","Financial services","2020-03",423
"Aegon Ltd.","Financial services","2020-03",473
"Aegon Ltd.","Financial services","2020-01",525
"Aegon Ltd.","Financial services","2019-12",570
"Aegon Ltd.","Financial services","2019-11",577
"Aegon Ltd.","Financial services","2019-10",557
"Aegon Ltd.","Financial services","2019-09",554
"Aegon Ltd.","Financial services","2019-08",502
"Aegon Ltd.","Financial services","2019-07",585
"Aegon Ltd.","Financial services","2019-06",587
"Aegon Ltd.","Financial services","2019-05",545
"Aegon Ltd.","Financial services","2019-04",594
"Aegon Ltd.","Financial services","2019-03",563
"Aegon Ltd.","Financial services","2019-03",601
"Aegon Ltd.","Financial services","2019-01",583
"Aegon Ltd.","Financial services","2018-12",532
"Akzo Nobel N.V.","Chemical industry and biotechnology","2024-12",234
"Akzo Nobel N.V.","Chemical industry and biotechnology","2024-11",229
"Akzo Nobel N.V.","Chemical industry and biotechnology","2024-10",239
"Akzo Nobel N.V.","Chemical industry and biotechnology","2024-09",261
"Akzo Nobel N.V.","Chemical industry and biotechnology","2024-08",246
"Akzo Nobel N.V.","Chemical industry and biotechnology","2024-07",240
"Akzo Nobel N.V.","Chemical industry and biotechnology","2024-06",238
"Akzo Nobel N.V.","Chemical industry and biotechnology","2024-05",258
"Akzo Nobel N.V.","Chemical industry and biotechnology","2024-04",254
"Akzo Nobel N.V.","Chemical industry and biotechnology","2024-03",261
"Akzo Nobel N.V.","Chemical industry and biotechnology","2024-02",254
"Akzo Nobel N.V.","Chemical industry and biotechnology","2024-01",265
"Akzo Nobel N.V.","Chemical industry and biotechnology","2023-12",276
"Akzo Nobel N.V.","Chemical industry and biotechnology","2023-11",267
"Akzo Nobel N.V.","Chemical industry and biotechnology","2023-10",244
"Akzo Nobel N.V.","Chemical industry and biotechnology","2023-09",262
"Akzo Nobel N.V.","Chemical industry and biotechnology","2023-08",288
"Akzo Nobel N.V.","Chemical industry and biotechnology","2023-07",299
"Akzo Nobel N.V.","Chemical industry and biotechnology","2023-06",290
"Akzo Nobel N.V.","Chemical industry and biotechnology","2023-05",276
"Akzo Nobel N.V.","Chemical industry and biotechnology","2023-04",292
"Akzo Nobel N.V.","Chemical industry and biotechnology","2023-03",285
"Akzo Nobel N.V.","Chemical industry and biotechnology","2023-02",277
"Akzo Nobel N.V.","Chemical industry and biotechnology","2023-01",274
"Akzo Nobel N.V.","Chemical industry and biotechnology","2022-12",256
"Akzo Nobel N.V.","Chemical industry and biotechnology","2022-11",273
"Akzo Nobel N.V.","Chemical industry and biotechnology","2022-10",254
"Akzo Nobel N.V.","Chemical industry and biotechnology","2022-09",237
"Akzo Nobel N.V.","Chemical industry and biotechnology","2022-08",254
"Akzo Nobel N.V.","Chemical industry and biotechnology","2022-07",263
"Akzo Nobel N.V.","Chemical industry and biotechnology","2022-06",249
"Akzo Nobel N.V.","Chemical industry and biotechnology","2022-05",316
"Akzo Nobel N.V.","Chemical industry and biotechnology","2022-04",322
"Akzo Nobel N.V.","Chemical industry and biotechnology","2022-03",304
"Akzo Nobel N.V.","Chemical industry and biotechnology","2022-02",325
"Akzo Nobel N.V.","Chemical industry and biotechnology","2022-01",353
"Akzo Nobel N.V.","Chemical industry and biotechnology","2021-12",378
"Akzo Nobel N.V.","Chemical industry and biotechnology","2021-11",363
"Akzo Nobel N.V.","Chemical industry and biotechnology","2021-10",392
"Akzo Nobel N.V.","Chemical industry and biotechnology","2021-09",376
"Akzo Nobel N.V.","Chemical industry and biotechnology","2021-08",413
"Akzo Nobel N.V.","Chemical industry and biotechnology","2021-07",412
"Akzo Nobel N.V.","Chemical industry and biotechnology","2021-06",413
"Akzo Nobel N.V.","Chemical industry and biotechnology","2021-05",420
"Akzo Nobel N.V.","Chemical industry and biotechnology","2021-04",406
"Akzo Nobel N.V.","Chemical industry and biotechnology","2021-03",394
"Akzo Nobel N.V.","Chemical industry and biotechnology","2021-02",358
"Akzo Nobel N.V.","Chemical industry and biotechnology","2021-01",352
"Akzo Nobel N.V.","Chemical industry and biotechnology","2020-12",362
"Akzo Nobel N.V.","Chemical industry and biotechnology","2020-11",367
"Akzo Nobel N.V.","Chemical industry and biotechnology","2020-10",340
"Akzo Nobel N.V.","Chemical industry and biotechnology","2020-09",356
"Akzo Nobel N.V.","Chemical industry and biotechnology","2020-08",345
"Akzo Nobel N.V.","Chemical industry and biotechnology","2020-07",335
"Akzo Nobel N.V.","Chemical industry and biotechnology","2020-06",338
"Akzo Nobel N.V.","Chemical industry and biotechnology","2020-05",316
"Akzo Nobel N.V.","Chemical industry and biotechnology","2020-04",302
"Akzo Nobel N.V.","Chemical industry and biotechnology","2020-03",258
"Akzo Nobel N.V.","Chemical industry and biotechnology","2020-03",299
"Akzo Nobel N.V.","Chemical industry and biotechnology","2020-01",355
"Akzo Nobel N.V.","Chemical industry and biotechnology","2019-12",378
"Akzo Nobel N.V.","Chemical industry and biotechnology","2019-11",375
"Akzo Nobel N.V.","Chemical industry and biotechnology","2019-10",361
"Akzo Nobel N.V.","Chemical industry and biotechnology","2019-09",363
"Akzo Nobel N.V.","Chemical industry and biotechnology","2019-08",366
"Akzo Nobel N.V.","Chemical industry and biotechnology","2019-07",388
"Akzo Nobel N.V.","Chemical industry and biotechnology","2019-06",381
"Akzo Nobel N.V.","Chemical industry and biotechnology","2019-05",358
"Akzo Nobel N.V.","Chemical industry and biotechnology","2019-04",362
"Akzo Nobel N.V.","Chemical industry and biotechnology","2019-03",377
"Akzo Nobel N.V.","Chemical industry and biotechnology","2019-03",387
"Akzo Nobel N.V.","Chemical industry and biotechnology","2019-01",372
"Akzo Nobel N.V.","Chemical industry and biotechnology","2018-12",389
"ArcelorMittal SA","Industrial businesses","2024-12",250
"ArcelorMittal SA","Industrial businesses","2024-11",264
"ArcelorMittal SA","Industrial businesses","2024-10",268
"ArcelorMittal SA","Industrial businesses","2024-09",284
"ArcelorMittal SA","Industrial businesses","2024-08",277
"ArcelorMittal SA","Industrial businesses","2024-07",276
"ArcelorMittal SA","Industrial businesses","2024-06",268
"ArcelorMittal SA","Industrial businesses","2024-05",279
"ArcelorMittal SA","Industrial businesses","2024-04",272
"ArcelorMittal SA","Industrial businesses","2024-03",285
"ArcelorMittal SA","Industrial businesses","2024-02",277
"ArcelorMittal SA","Industrial businesses","2024-01",291
"ArcelorMittal SA","Industrial businesses","2023-12",294
"ArcelorMittal SA","Industrial businesses","2023-11",295
"ArcelorMittal SA","Industrial businesses","2023-10",272
"ArcelorMittal SA","Industrial businesses","2023-09",302
"ArcelorMittal SA","Industrial businesses","2023-08",307
"ArcelorMittal SA","Industrial businesses","2023-07",322
"ArcelorMittal SA","Industrial businesses","2023-06",321
"ArcelorMittal SA","Industrial businesses","2023-05",308
"ArcelorMittal SA","Industrial businesses","2023-04",313
"ArcelorMittal SA","Industrial businesses","2023-03",322
"ArcelorMittal SA","Industrial businesses","2023-02",316
"ArcelorMittal SA","Industrial businesses","2023-01",317
"ArcelorMittal SA","Industrial businesses","2022-12",317
"ArcelorMittal SA","Industrial businesses","2022-11",328
"ArcelorMittal SA","Industrial businesses","2022-10",310
"ArcelorMittal SA","Industrial businesses","2022-09",294
"ArcelorMittal SA","Industrial businesses","2022-08",342
"ArcelorMittal SA","Industrial businesses","2022-07",351
"ArcelorMittal SA","Industrial businesses","2022-06",326
"ArcelorMittal SA","Industrial businesses","2022-05",392
"ArcelorMittal SA","Industrial businesses","2022-04",389
"ArcelorMittal SA","Industrial businesses","2022-03",393
"ArcelorMittal SA","Industrial businesses","2022-02",406
"ArcelorMittal SA","Industrial businesses","2022-01",426
"ArcelorMittal SA","Industrial businesses","2021-12",483
"ArcelorMittal SA","Industrial businesses","2021-11",464
"ArcelorMittal SA","Industrial businesses","2021-10",515
"ArcelorMittal SA","Industrial businesses","2021-09",507
"ArcelorMittal SA","Industrial businesses","2021-08",500
"ArcelorMittal SA","Industrial businesses","2021-07",506
"ArcelorMittal SA","Industrial businesses","2021-06",489
"ArcelorMittal SA","Industrial businesses","2021-05",481
"ArcelorMittal SA","Industrial businesses","2021-04",459
"ArcelorMittal SA","Industrial businesses","2021-03",437
"ArcelorMittal SA","Industrial businesses","2021-02",398
"ArcelorMittal SA","Industrial businesses","2021-01",388
"ArcelorMittal SA","Industrial businesses","2020-12",389
"ArcelorMittal SA","Industrial businesses","2020-11",332
"ArcelorMittal SA","Industrial businesses","2020-10",269
"ArcelorMittal SA","Industrial businesses","2020-09",258
"ArcelorMittal SA","Industrial businesses","2020-08",244
"ArcelorMittal SA","Industrial businesses","2020-07",238
"ArcelorMittal SA","Industrial businesses","2020-06",246
"ArcelorMittal SA","Industrial businesses","2020-05",230
"ArcelorMittal SA","Industrial businesses","2020-04",240
"ArcelorMittal SA","Industrial businesses","2020-03",213
"ArcelorMittal SA","Industrial businesses","2020-03",285
"ArcelorMittal SA","Industrial businesses","2020-01",331
"ArcelorMittal SA","Industrial businesses","2019-12",355
"ArcelorMittal SA","Industrial businesses","2019-11",347
"ArcelorMittal SA","Industrial businesses","2019-10",342
"ArcelorMittal SA","Industrial businesses","2019-09",339
"ArcelorMittal SA","Industrial businesses","2019-08",318
"ArcelorMittal SA","Industrial businesses","2019-07",336
"ArcelorMittal SA","Industrial businesses","2019-06",353
"ArcelorMittal SA","Industrial businesses","2019-05",297
"ArcelorMittal SA","Industrial businesses","2019-04",376
"ArcelorMittal SA","Industrial businesses","2019-03",359
"ArcelorMittal SA","Industrial businesses","2019-03",372
"ArcelorMittal SA","Industrial businesses","2019-01",361
"ArcelorMittal SA","Industrial businesses","2018-12",326
"ASM International N.V.","Tech","2024-12",1437
"ASM International N.V.","Tech","2024-11",1348
"ASM International N.V.","Tech","2024-10",1364
"ASM International N.V.","Tech","2024-09",1523
"ASM International N.V.","Tech","2024-08",1587
"ASM International N.V.","Tech","2024-07",1605
"ASM International N.V.","Tech","2024-06",1728
"ASM International N.V.","Tech","2024-05",1564
"ASM International N.V.","Tech","2024-04",1487
"ASM International N.V.","Tech","2024-03",1437
"ASM International N.V.","Tech","2024-02",1455
"ASM International N.V.","Tech","2024-01",1325
"ASM International N.V.","Tech","2023-12",1203
"ASM International N.V.","Tech","2023-11",1230
"ASM International N.V.","Tech","2023-10",1067
"ASM International N.V.","Tech","2023-09",1099
"ASM International N.V.","Tech","2023-08",1214
"ASM International N.V.","Tech","2023-07",1213
"ASM International N.V.","Tech","2023-06",1142
"ASM International N.V.","Tech","2023-05",1197
"ASM International N.V.","Tech","2023-04",1047
"ASM International N.V.","Tech","2023-03",1020
"ASM International N.V.","Tech","2023-02",954
"ASM International N.V.","Tech","2023-01",896
"ASM International N.V.","Tech","2022-12",732
"ASM International N.V.","Tech","2022-11",796
"ASM International N.V.","Tech","2022-10",720
"ASM International N.V.","Tech","2022-09",690
"ASM International N.V.","Tech","2022-08",805
"ASM International N.V.","Tech","2022-07",897
"ASM International N.V.","Tech","2022-06",725
"ASM International N.V.","Tech","2022-05",994
"ASM International N.V.","Tech","2022-04",1000
"ASM International N.V.","Tech","2022-03",1131
"ASM International N.V.","Tech","2022-02",1018
"ASM International N.V.","Tech","2022-01",1019
"ASM International N.V.","Tech","2021-12",1289
"ASM International N.V.","Tech","2021-11",1426
"ASM International N.V.","Tech","2021-10",1462
"ASM International N.V.","Tech","2021-09",1343
"ASM International N.V.","Tech","2021-08",1228
"ASM International N.V.","Tech","2021-07",1132
"ASM International N.V.","Tech","2021-06",1039
"ASM International N.V.","Tech","2021-05",862
"ASM International N.V.","Tech","2021-04",851
"ASM International N.V.","Tech","2021-03",773
"ASM International N.V.","Tech","2021-02",746
"ASM International N.V.","Tech","2021-01",671
"ASM International N.V.","Tech","2020-12",555
"ASM International N.V.","Tech","2020-11",455
"ASM International N.V.","Tech","2020-10",392
"ASM International N.V.","Tech","2020-09",384
"ASM International N.V.","Tech","2020-08",396
"ASM International N.V.","Tech","2020-07",397
"ASM International N.V.","Tech","2020-06",378
"ASM International N.V.","Tech","2020-05",325
"ASM International N.V.","Tech","2020-04",314
"ASM International N.V.","Tech","2020-03",271
"ASML Holding N.V.","Tech","2024-12",3650
"ASML Holding N.V.","Tech","2024-11",3610
"ASML Holding N.V.","Tech","2024-10",3378
"ASML Holding N.V.","Tech","2024-09",3669
"ASML Holding N.V.","Tech","2024-08",3873
"ASML Holding N.V.","Tech","2024-07",3911
"ASML Holding N.V.","Tech","2024-06",3949
"ASML Holding N.V.","Tech","2024-05",3634
"ASML Holding N.V.","Tech","2024-04",3502
"ASML Holding N.V.","Tech","2024-03",3588
"ASML Holding N.V.","Tech","2024-02",3496
"ASML Holding N.V.","Tech","2024-01",3333
"ASML Holding N.V.","Tech","2023-12",2945
"ASML Holding N.V.","Tech","2023-11",2871
"ASML Holding N.V.","Tech","2023-10",2661
"ASML Holding N.V.","Tech","2023-09",2687
"ASML Holding N.V.","Tech","2023-08",2917
"ASML Holding N.V.","Tech","2023-07",3022
"ASML Holding N.V.","Tech","2023-06",2980
"ASML Holding N.V.","Tech","2023-05",3006
"ASML Holding N.V.","Tech","2023-04",2793
"ASML Holding N.V.","Tech","2023-03",2945
"ASML Holding N.V.","Tech","2023-02",2861
"ASML Holding N.V.","Tech","2023-01",2971
"ASML Holding N.V.","Tech","2022-12",2495
"ASML Holding N.V.","Tech","2022-11",2767
"ASML Holding N.V.","Tech","2022-10",2370
"ASML Holding N.V.","Tech","2022-09",2103
"ASML Holding N.V.","Tech","2022-08",2318
"ASML Holding N.V.","Tech","2022-07",2644
"ASML Holding N.V.","Tech","2022-06",2212
"ASML Holding N.V.","Tech","2022-05",2568
"ASML Holding N.V.","Tech","2022-04",2600
"ASML Holding N.V.","Tech","2022-03",2819
"ASML Holding N.V.","Tech","2022-02",2741
"ASML Holding N.V.","Tech","2022-01",2700
"ASML Holding N.V.","Tech","2021-12",3010
"ASML Holding N.V.","Tech","2021-11",2943
"ASML Holding N.V.","Tech","2021-10",3009
"ASML Holding N.V.","Tech","2021-09",2734
"ASML Holding N.V.","Tech","2021-08",2823
"ASML Holding N.V.","Tech","2021-07",2575
"ASML Holding N.V.","Tech","2021-06",2347
"ASML Holding N.V.","Tech","2021-05",2190
"ASML Holding N.V.","Tech","2021-04",2149
"ASML Holding N.V.","Tech","2021-03",2011
"ASML Holding N.V.","Tech","2021-02",1837
"ASML Holding N.V.","Tech","2021-01",1715
"ASML Holding N.V.","Tech","2020-12",1509
"ASML Holding N.V.","Tech","2020-11",1388
"ASML Holding N.V.","Tech","2020-10",1242
"ASML Holding N.V.","Tech","2020-09",1250
"ASML Holding N.V.","Tech","2020-08",1256
"ASML Holding N.V.","Tech","2020-07",1202
"ASML Holding N.V.","Tech","2020-06",1219
"ASML Holding N.V.","Tech","2020-05",1132
"ASML Holding N.V.","Tech","2020-04",1104
"ASML Holding N.V.","Tech","2020-03",999
"ASML Holding N.V.","Tech","2020-03",1013
"ASML Holding N.V.","Tech","2020-01",1113
"ASML Holding N.V.","Tech","2019-12",1088
"ASML Holding N.V.","Tech","2019-11",1028
"ASML Holding N.V.","Tech","2019-10",1012
"ASML Holding N.V.","Tech","2019-09",944
"ASML Holding N.V.","Tech","2019-08",864
"ASML Holding N.V.","Tech","2019-07",871
"ASML Holding N.V.","Tech","2019-06",841
"ASML Holding N.V.","Tech","2019-05",807
"ASML Holding N.V.","Tech","2019-04",853
"ASML Holding N.V.","Tech","2019-03",834
"ASML Holding N.V.","Tech","2019-03",838
"ASML Holding N.V.","Tech","2019-01",828
"ASML Holding N.V.","Tech","2018-12",738
"ASR Nederland N.V.","Financial services","2024-12",326
"ASR Nederland N.V.","Financial services","2024-11",337
"ASR Nederland N.V.","Financial services","2024-10",328
"ASR Nederland N.V.","Financial services","2024-09",334
"ASR Nederland N.V.","Financial services","2024-08",335
"ASR Nederland N.V.","Financial services","2024-07",335
"ASR Nederland N.V.","Financial services","2024-06",330
"ASR Nederland N.V.","Financial services","2024-05",343
"ASR Nederland N.V.","Financial services","2024-04",327
"ASR Nederland N.V.","Financial services","2024-03",324
"ASR Nederland N.V.","Financial services","2024-02",309
"ASR Nederland N.V.","Financial services","2024-01",300
"ASR Nederland N.V.","Financial services","2023-12",290
"ASR Nederland N.V.","Financial services","2023-11",304
"ASR Nederland N.V.","Financial services","2023-10",259
"ASR Nederland N.V.","Financial services","2023-09",257
"ASR Nederland N.V.","Financial services","2023-08",291
"ASR Nederland N.V.","Financial services","2023-07",281
"ASR Nederland N.V.","Financial services","2023-06",273
"ASR Nederland N.V.","Financial services","2023-05",263
"ASR Nederland N.V.","Financial services","2023-04",250
"ASR Nederland N.V.","Financial services","2023-03",219
"ASR Nederland N.V.","Financial services","2021-11",169
"ASR Nederland N.V.","Financial services","2021-10",178
"ASR Nederland N.V.","Financial services","2021-09",179
"ASR Nederland N.V.","Financial services","2021-08",190
"ASR Nederland N.V.","Financial services","2021-07",168
"ASR Nederland N.V.","Financial services","2021-06",153
"ASR Nederland N.V.","Financial services","2021-05",151
"ASR Nederland N.V.","Financial services","2021-04",143
"ASR Nederland N.V.","Financial services","2021-03",147
"ASR Nederland N.V.","Financial services","2021-02",149
"ASR Nederland N.V.","Financial services","2021-01",127
"ASR Nederland N.V.","Financial services","2020-12",126
"ASR Nederland N.V.","Financial services","2020-11",112
"ASR Nederland N.V.","Financial services","2020-10",100
"ASR Nederland N.V.","Financial services","2020-09",107
"ASR Nederland N.V.","Financial services","2020-08",119
"ASR Nederland N.V.","Financial services","2020-07",95
"ASR Nederland N.V.","Financial services","2020-06",98
"ASR Nederland N.V.","Financial services","2020-05",91
"ASR Nederland N.V.","Financial services","2020-04",88
"ASR Nederland N.V.","Financial services","2020-03",81
"ASR Nederland N.V.","Financial services","2020-03",76
"ASR Nederland N.V.","Financial services","2020-01",79
"ASR Nederland N.V.","Financial services","2019-12",68
"ASR Nederland N.V.","Financial services","2019-11",68
"ASR Nederland N.V.","Financial services","2019-10",66
"ASR Nederland N.V.","Financial services","2019-09",68
"ASR Nederland N.V.","Financial services","2019-08",65
"ASR Nederland N.V.","Financial services","2019-07",64
"ASR Nederland N.V.","Financial services","2019-06",66
"ASR Nederland N.V.","Financial services","2019-05",61
"ASR Nederland N.V.","Financial services","2019-04",61
"ASR Nederland N.V.","Financial services","2019-03",62
"ASR Nederland N.V.","Financial services","2019-03",66
"ASR Nederland N.V.","Financial services","2019-01",64
"ASR Nederland N.V.","Financial services","2018-12",60
"BE Semiconductor Industries N.V.","Tech","2024-12",923
"BE Semiconductor Industries N.V.","Tech","2024-11",835
"BE Semiconductor Industries N.V.","Tech","2024-10",750
"BE Semiconductor Industries N.V.","Tech","2024-09",842
"BE Semiconductor Industries N.V.","Tech","2024-08",861
"BE Semiconductor Industries N.V.","Tech","2024-07",810
"BE Semiconductor Industries N.V.","Tech","2024-06",964
"BE Semiconductor Industries N.V.","Tech","2024-05",875
"BE Semiconductor Industries N.V.","Tech","2024-04",795
"BE Semiconductor Industries N.V.","Tech","2024-03",876
"BE Semiconductor Industries N.V.","Tech","2024-02",923
"BE Semiconductor Industries N.V.","Tech","2024-01",798
"BE Semiconductor Industries N.V.","Tech","2023-12",795
"BE Semiconductor Industries N.V.","Tech","2023-11",800
"BE Semiconductor Industries N.V.","Tech","2023-10",655
"BE Semiconductor Industries N.V.","Tech","2023-09",641
"BE Semiconductor Industries N.V.","Tech","2023-08",742
"BE Semiconductor Industries N.V.","Tech","2023-07",757
"BE Semiconductor Industries N.V.","Tech","2023-06",723
"BE Semiconductor Industries N.V.","Tech","2023-05",770
"BE Semiconductor Industries N.V.","Tech","2023-04",683
"BE Semiconductor Industries N.V.","Tech","2023-03",676
"BE Semiconductor Industries N.V.","Tech","2023-02",658
"BE Semiconductor Industries N.V.","Tech","2023-01",636
"BE Semiconductor Industries N.V.","Tech","2022-12",579
"BE Semiconductor Industries N.V.","Tech","2022-11",611
"BE Semiconductor Industries N.V.","Tech","2022-10",537
"BE Semiconductor Industries N.V.","Tech","2022-09",487
"BE Semiconductor Industries N.V.","Tech","2022-08",502
"BE Semiconductor Industries N.V.","Tech","2022-07",539
"BE Semiconductor Industries N.V.","Tech","2022-06",495
"BE Semiconductor Industries N.V.","Tech","2022-05",591
"BE Semiconductor Industries N.V.","Tech","2022-04",611
"BE Semiconductor Industries N.V.","Tech","2022-03",642
"BE Semiconductor Industries N.V.","Tech","2022-02",620
"BE Semiconductor Industries N.V.","Tech","2022-01",590
"BE Semiconductor Industries N.V.","Tech","2021-12",570
"BE Semiconductor Industries N.V.","Tech","2021-11",607
"BE Semiconductor Industries N.V.","Tech","2021-10",631
"BE Semiconductor Industries N.V.","Tech","2021-09",548
"BE Semiconductor Industries N.V.","Tech","2021-08",609
"BE Semiconductor Industries N.V.","Tech","2021-07",603
"BE Semiconductor Industries N.V.","Tech","2021-06",614
"BE Semiconductor Industries N.V.","Tech","2021-05",581
"BE Semiconductor Industries N.V.","Tech","2021-04",564
"BE Semiconductor Industries N.V.","Tech","2021-03",500
"DSM-Firmenich AG","Chemical industry and biotechnology","2024-12",699
"DSM-Firmenich AG","Chemical industry and biotechnology","2024-11",751
"DSM-Firmenich AG","Chemical industry and biotechnology","2024-10",787
"DSM-Firmenich AG","Chemical industry and biotechnology","2024-09",887
"DSM-Firmenich AG","Chemical industry and biotechnology","2024-08",892
"DSM-Firmenich AG","Chemical industry and biotechnology","2024-07",879
"DSM-Firmenich AG","Chemical industry and biotechnology","2024-06",807
"DSM-Firmenich AG","Chemical industry and biotechnology","2024-05",811
"DSM-Firmenich AG","Chemical industry and biotechnology","2024-04",808
"DSM-Firmenich AG","Chemical industry and biotechnology","2024-03",827
"DSM-Firmenich AG","Chemical industry and biotechnology","2024-02",789
"DSM-Firmenich AG","Chemical industry and biotechnology","2024-01",812
"DSM-Firmenich AG","Chemical industry and biotechnology","2023-12",755
"DSM-Firmenich AG","Chemical industry and biotechnology","2023-11",721
"DSM-Firmenich AG","Chemical industry and biotechnology","2023-10",729
"DSM-Firmenich AG","Chemical industry and biotechnology","2023-09",698
"DSM-Firmenich AG","Chemical industry and biotechnology","2023-08",717
"DSM-Firmenich AG","Chemical industry and biotechnology","2023-07",817
"DSM-Firmenich AG","Chemical industry and biotechnology","2023-06",810
"DSM-Firmenich AG","Chemical industry and biotechnology","2023-05",835
"DSM-Firmenich AG","Chemical industry and biotechnology","2023-04",953
"DSM-Firmenich AG","Chemical industry and biotechnology","2023-03",869
"DSM-Firmenich AG","Chemical industry and biotechnology","2023-02",926
"DSM-Firmenich AG","Chemical industry and biotechnology","2023-01",939
"DSM-Firmenich AG","Chemical industry and biotechnology","2022-12",912
"DSM-Firmenich AG","Chemical industry and biotechnology","2022-11",979
"DSM-Firmenich AG","Chemical industry and biotechnology","2022-10",955
"DSM-Firmenich AG","Chemical industry and biotechnology","2022-09",939
"DSM-Firmenich AG","Chemical industry and biotechnology","2022-08",1022
"DSM-Firmenich AG","Chemical industry and biotechnology","2022-07",1243
"DSM-Firmenich AG","Chemical industry and biotechnology","2022-06",1100
"DSM-Firmenich AG","Chemical industry and biotechnology","2022-05",1237
"DSM-Firmenich AG","Chemical industry and biotechnology","2022-04",1254
"DSM-Firmenich AG","Chemical industry and biotechnology","2022-03",1265
"DSM-Firmenich AG","Chemical industry and biotechnology","2022-02",1303
"DSM-Firmenich AG","Chemical industry and biotechnology","2022-01",1293
"DSM-Firmenich AG","Chemical industry and biotechnology","2021-12",1534
"DSM-Firmenich AG","Chemical industry and biotechnology","2021-11",1521
"DSM-Firmenich AG","Chemical industry and biotechnology","2021-10",1526
"DSM-Firmenich AG","Chemical industry and biotechnology","2021-09",1407
"DSM-Firmenich AG","Chemical industry and biotechnology","2021-08",1471
"DSM-Firmenich AG","Chemical industry and biotechnology","2021-07",1399
"DSM-Firmenich AG","Chemical industry and biotechnology","2021-06",1304
"DSM-Firmenich AG","Chemical industry and biotechnology","2021-05",1248
"DSM-Firmenich AG","Chemical industry and biotechnology","2021-04",1245
"DSM-Firmenich AG","Chemical industry and biotechnology","2021-03",1219
"DSM-Firmenich AG","Chemical industry and biotechnology","2021-02",1152
"DSM-Firmenich AG","Chemical industry and biotechnology","2021-01",1208
"DSM-Firmenich AG","Chemical industry and biotechnology","2020-12",1210
"DSM-Firmenich AG","Chemical industry and biotechnology","2020-11",1177
"DSM-Firmenich AG","Chemical industry and biotechnology","2020-10",1189
"DSM-Firmenich AG","Chemical industry and biotechnology","2020-09",1179
"DSM-Firmenich AG","Chemical industry and biotechnology","2020-08",1180
"DSM-Firmenich AG","Chemical industry and biotechnology","2020-07",1143
"DSM-Firmenich AG","Chemical industry and biotechnology","2020-06",1085
"DSM-Firmenich AG","Chemical industry and biotechnology","2020-05",1022
"DSM-Firmenich AG","Chemical industry and biotechnology","2020-04",1016
"DSM-Firmenich AG","Chemical industry and biotechnology","2020-03",956
"DSM-Firmenich AG","Chemical industry and biotechnology","2020-03",947
"DSM-Firmenich AG","Chemical industry and biotechnology","2020-01",1050
"DSM-Firmenich AG","Chemical industry and biotechnology","2019-12",1115
"DSM-Firmenich AG","Chemical industry and biotechnology","2019-11",1141
"DSM-Firmenich AG","Chemical industry and biotechnology","2019-10",1070
"DSM-Firmenich AG","Chemical industry and biotechnology","2019-09",1111
"DSM-Firmenich AG","Chemical industry and biotechnology","2019-08",1136
"DSM-Firmenich AG","Chemical industry and biotechnology","2019-07",1149
"DSM-Firmenich AG","Chemical industry and biotechnology","2019-06",1119
"DSM-Firmenich AG","Chemical industry and biotechnology","2019-05",1052
"DSM-Firmenich AG","Chemical industry and biotechnology","2019-04",1072
"DSM-Firmenich AG","Chemical industry and biotechnology","2019-03",1053
"DSM-Firmenich AG","Chemical industry and biotechnology","2019-03",1041
"DSM-Firmenich AG","Chemical industry and biotechnology","2019-01",959
"DSM-Firmenich AG","Chemical industry and biotechnology","2018-12",827
"EXOR N.V.","Financial services","2024-12",13
"EXOR N.V.","Financial services","2024-11",13
"EXOR N.V.","Financial services","2024-10",14
"EXOR N.V.","Financial services","2024-09",15
"EXOR N.V.","Financial services","2024-08",17
"EXOR N.V.","Financial services","2024-07",16
"EXOR N.V.","Financial services","2024-06",17
"EXOR N.V.","Financial services","2024-05",16
"EXOR N.V.","Financial services","2024-04",15
"EXOR N.V.","Financial services","2024-03",12
"EXOR N.V.","Financial services","2024-02",11
"EXOR N.V.","Financial services","2024-01",11
"EXOR N.V.","Financial services","2023-12",10
"EXOR N.V.","Financial services","2023-11",10
"EXOR N.V.","Financial services","2023-10",10
"EXOR N.V.","Financial services","2023-09",10
"EXOR N.V.","Financial services","2023-08",12
"EXOR N.V.","Financial services","2023-07",11
"EXOR N.V.","Financial services","2023-06",11
"EXOR N.V.","Financial services","2023-05",11
"EXOR N.V.","Financial services","2023-04",10
"EXOR N.V.","Financial services","2023-03",8
"EXOR N.V.","Financial services","2023-02",10
"EXOR N.V.","Financial services","2023-01",9
"EXOR N.V.","Financial services","2022-12",6
"Heineken N.V.","Consumption goods","2024-12",299
"Heineken N.V.","Consumption goods","2024-11",298
"Heineken N.V.","Consumption goods","2024-10",298
"Heineken N.V.","Consumption goods","2024-09",302
"Heineken N.V.","Consumption goods","2024-08",298
"Heineken N.V.","Consumption goods","2024-07",288
"Heineken N.V.","Consumption goods","2024-06",287
"Heineken N.V.","Consumption goods","2024-05",293
"Heineken N.V.","Consumption goods","2024-04",301
"Heineken N.V.","Consumption goods","2024-03",303
"Heineken N.V.","Consumption goods","2024-02",289
"Heineken N.V.","Consumption goods","2024-01",301
"Heineken N.V.","Consumption goods","2023-12",300
"Heineken N.V.","Consumption goods","2023-11",291
"Heineken N.V.","Consumption goods","2023-10",290
"Heineken N.V.","Consumption goods","2023-09",286
"Heineken N.V.","Consumption goods","2023-08",298
"Heineken N.V.","Consumption goods","2023-07",298
"Heineken N.V.","Consumption goods","2023-06",284
"Heineken N.V.","Consumption goods","2023-05",282
"Heineken N.V.","Consumption goods","2023-04",307
"Heineken N.V.","Consumption goods","2023-03",309
"Heineken N.V.","Consumption goods","2023-02",307
"Heineken N.V.","Consumption goods","2023-01",307
"Heineken N.V.","Consumption goods","2022-12",294
"Heineken N.V.","Consumption goods","2022-11",288
"Heineken N.V.","Consumption goods","2022-10",280
"Heineken N.V.","Consumption goods","2022-09",288
"Heineken N.V.","Consumption goods","2022-08",288
"Heineken N.V.","Consumption goods","2022-07",308
"Heineken N.V.","Consumption goods","2022-06",284
"Heineken N.V.","Consumption goods","2022-05",299
"Heineken N.V.","Consumption goods","2022-04",303
"Heineken N.V.","Consumption goods","2022-03",289
"Heineken N.V.","Consumption goods","2022-02",290
"Heineken N.V.","Consumption goods","2022-01",304
"Heineken N.V.","Consumption goods","2021-12",325
"Heineken N.V.","Consumption goods","2021-11",299
"Heineken N.V.","Consumption goods","2021-10",330
"Heineken N.V.","Consumption goods","2021-09",322
"Heineken N.V.","Consumption goods","2021-08",326
"Heineken N.V.","Consumption goods","2021-07",334
"Heineken N.V.","Consumption goods","2021-06",346
"Heineken N.V.","Consumption goods","2021-05",334
"Heineken N.V.","Consumption goods","2021-04",333
"Heineken N.V.","Consumption goods","2021-03",310
"Heineken N.V.","Consumption goods","2021-02",287
"Heineken N.V.","Consumption goods","2021-01",296
"Heineken N.V.","Consumption goods","2020-12",313
"Heineken N.V.","Consumption goods","2020-11",306
"Heineken N.V.","Consumption goods","2020-10",272
"Heineken N.V.","Consumption goods","2020-09",273
"Heineken N.V.","Consumption goods","2020-08",278
"Heineken N.V.","Consumption goods","2020-07",286
"Heineken N.V.","Consumption goods","2020-06",293
"Heineken N.V.","Consumption goods","2020-05",295
"Heineken N.V.","Consumption goods","2020-04",274
"Heineken N.V.","Consumption goods","2020-03",264
"Heineken N.V.","Consumption goods","2020-03",284
"Heineken N.V.","Consumption goods","2020-01",320
"Heineken N.V.","Consumption goods","2019-12",317
"Heineken N.V.","Consumption goods","2019-11",319
"Heineken N.V.","Consumption goods","2019-10",310
"Heineken N.V.","Consumption goods","2019-09",328
"Heineken N.V.","Consumption goods","2019-08",322
"Heineken N.V.","Consumption goods","2019-07",326
"Heineken N.V.","Consumption goods","2019-06",327
"Heineken N.V.","Consumption goods","2019-05",316
"Heineken N.V.","Consumption goods","2019-04",325
"Heineken N.V.","Consumption goods","2019-03",329
"Heineken N.V.","Consumption goods","2019-03",325
"Heineken N.V.","Consumption goods","2019-01",301
"Heineken N.V.","Consumption goods","2018-12",291
"IMCD","Chemical industry and biotechnology","2024-12",30
"IMCD","Chemical industry and biotechnology","2024-11",31
"IMCD","Chemical industry and biotechnology","2024-10",31
"IMCD","Chemical industry and biotechnology","2024-09",33
"IMCD","Chemical industry and biotechnology","2024-08",32
"IMCD","Chemical industry and biotechnology","2024-07",31
"IMCD","Chemical industry and biotechnology","2024-06",30
"IMCD","Chemical industry and biotechnology","2024-05",33
"IMCD","Chemical industry and biotechnology","2024-04",32
"IMCD","Chemical industry and biotechnology","2024-03",180
"IMCD","Chemical industry and biotechnology","2024-02",157
"IMCD","Chemical industry and biotechnology","2024-01",158
"IMCD","Chemical industry and biotechnology","2023-12",176
"IMCD","Chemical industry and biotechnology","2023-11",159
"IMCD","Chemical industry and biotechnology","2023-10",130
"IMCD","Chemical industry and biotechnology","2023-09",137
"IMCD","Chemical industry and biotechnology","2023-08",145
"IMCD","Chemical industry and biotechnology","2023-07",156
"IMCD","Chemical industry and biotechnology","2023-06",151
"IMCD","Chemical industry and biotechnology","2023-05",159
"IMCD","Chemical industry and biotechnology","2023-04",154
"IMCD","Chemical industry and biotechnology","2023-03",169
"IMCD","Chemical industry and biotechnology","2023-02",169
"IMCD","Chemical industry and biotechnology","2023-01",163
"IMCD","Chemical industry and biotechnology","2022-12",150
"IMCD","Chemical industry and biotechnology","2022-11",154
"IMCD","Chemical industry and biotechnology","2022-10",144
"IMCD","Chemical industry and biotechnology","2022-09",134
"IMCD","Chemical industry and biotechnology","2022-08",151
"IMCD","Chemical industry and biotechnology","2022-07",169
"IMCD","Chemical industry and biotechnology","2022-06",143
"IMCD","Chemical industry and biotechnology","2022-05",152
"IMCD","Chemical industry and biotechnology","2022-04",166
"IMCD","Chemical industry and biotechnology","2022-03",169
"IMCD","Chemical industry and biotechnology","2022-02",156
"IMCD","Chemical industry and biotechnology","2022-01",164
"IMCD","Chemical industry and biotechnology","2021-12",232
"IMCD","Chemical industry and biotechnology","2021-11",231
"IMCD","Chemical industry and biotechnology","2021-10",224
"IMCD","Chemical industry and biotechnology","2021-09",193
"IMCD","Chemical industry and biotechnology","2021-08",195
"IMCD","Chemical industry and biotechnology","2021-07",168
"IMCD","Chemical industry and biotechnology","2021-06",153
"IMCD","Chemical industry and biotechnology","2021-05",150
"IMCD","Chemical industry and biotechnology","2021-04",137
"IMCD","Chemical industry and biotechnology","2021-03",134
"IMCD","Chemical industry and biotechnology","2021-02",115
"IMCD","Chemical industry and biotechnology","2021-01",116
"IMCD","Chemical industry and biotechnology","2020-12",120
"IMCD","Chemical industry and biotechnology","2020-11",120
"IMCD","Chemical industry and biotechnology","2020-10",112
"IMCD","Chemical industry and biotechnology","2020-09",115
"IMCD","Chemical industry and biotechnology","2020-08",101
"IMCD","Chemical industry and biotechnology","2020-07",99
"IMCD","Chemical industry and biotechnology","2020-06",95
"IMCD","Chemical industry and biotechnology","2020-05",97
"IMCD","Chemical industry and biotechnology","2020-04",93
"IMCD","Chemical industry and biotechnology","2020-03",74
"IMCD","Chemical industry and biotechnology","2020-03",85
"IMCD","Chemical industry and biotechnology","2020-01",90
"IMCD","Chemical industry and biotechnology","2019-12",90
"IMCD","Chemical industry and biotechnology","2019-11",88
"IMCD","Chemical industry and biotechnology","2019-10",82
"IMCD","Chemical industry and biotechnology","2019-09",81
"IMCD","Chemical industry and biotechnology","2019-08",78
"IMCD","Chemical industry and biotechnology","2019-07",94
"IMCD","Chemical industry and biotechnology","2019-06",95
"IMCD","Chemical industry and biotechnology","2019-05",86
"IMCD","Chemical industry and biotechnology","2019-04",85
"IMCD","Chemical industry and biotechnology","2019-03",80
"ING Groep N.V.","Financial services","2024-12",2001
"ING Groep N.V.","Financial services","2024-11",2038
"ING Groep N.V.","Financial services","2024-10",2141
"ING Groep N.V.","Financial services","2024-09",2213
"ING Groep N.V.","Financial services","2024-08",2265
"ING Groep N.V.","Financial services","2024-07",2296
"ING Groep N.V.","Financial services","2024-06",2266
"ING Groep N.V.","Financial services","2024-05",2273
"ING Groep N.V.","Financial services","2024-04",2274
"ING Groep N.V.","Financial services","2024-03",2292
"ING Groep N.V.","Financial services","2024-02",2126
"ING Groep N.V.","Financial services","2024-01",2099
"ING Groep N.V.","Financial services","2023-12",2080
"ING Groep N.V.","Financial services","2023-11",2189
"ING Groep N.V.","Financial services","2023-10",2120
"ING Groep N.V.","Financial services","2023-09",2227
"ING Groep N.V.","Financial services","2023-08",2330
"ING Groep N.V.","Financial services","2023-07",2361
"ING Groep N.V.","Financial services","2023-06",2286
"ING Groep N.V.","Financial services","2023-05",2230
"ING Groep N.V.","Financial services","2023-04",2205
"ING Groep N.V.","Financial services","2023-03",2151
"ING Groep N.V.","Financial services","2023-02",2326
"ING Groep N.V.","Financial services","2023-01",2330
"ING Groep N.V.","Financial services","2022-12",2074
"ING Groep N.V.","Financial services","2022-11",2164
"ING Groep N.V.","Financial services","2022-10",1972
"ING Groep N.V.","Financial services","2022-09",1846
"ING Groep N.V.","Financial services","2022-08",1854
"ING Groep N.V.","Financial services","2022-07",1959
"ING Groep N.V.","Financial services","2022-06",1943
"ING Groep N.V.","Financial services","2022-05",2119
"ING Groep N.V.","Financial services","2022-04",1877
"ING Groep N.V.","Financial services","2022-03",1852
"ING Groep N.V.","Financial services","2022-02",1806
"ING Groep N.V.","Financial services","2022-01",2228
"ING Groep N.V.","Financial services","2021-12",2129
"ING Groep N.V.","Financial services","2021-11",2106
"ING Groep N.V.","Financial services","2021-10",2268
"ING Groep N.V.","Financial services","2021-09",2210
"ING Groep N.V.","Financial services","2021-08",2119
"ING Groep N.V.","Financial services","2021-07",2003
"ING Groep N.V.","Financial services","2021-06",2026
"ING Groep N.V.","Financial services","2021-05",2059
"ING Groep N.V.","Financial services","2021-04",1991
"ING Groep N.V.","Financial services","2021-03",1998
"ING Groep N.V.","Financial services","2021-02",1799
"ING Groep N.V.","Financial services","2021-01",1608
"ING Groep N.V.","Financial services","2020-12",1620
"ING Groep N.V.","Financial services","2020-11",1686
"ING Groep N.V.","Financial services","2020-10",1308
"ING Groep N.V.","Financial services","2020-09",1341
"ING Groep N.V.","Financial services","2020-08",1436
"ING Groep N.V.","Financial services","2020-07",1313
"ING Groep N.V.","Financial services","2020-06",1420
"ING Groep N.V.","Financial services","2020-05",1324
"ING Groep N.V.","Financial services","2020-04",1186
"ING Groep N.V.","Financial services","2020-03",1069
"ING Groep N.V.","Financial services","2020-03",1476
"ING Groep N.V.","Financial services","2020-01",1687
"ING Groep N.V.","Financial services","2019-12",1817
"ING Groep N.V.","Financial services","2019-11",1836
"ING Groep N.V.","Financial services","2019-10",1817
"ING Groep N.V.","Financial services","2019-09",1755
"ING Groep N.V.","Financial services","2019-08",1648
"ING Groep N.V.","Financial services","2019-07",1795
"ING Groep N.V.","Financial services","2019-06",1808
"ING Groep N.V.","Financial services","2019-05",1716
"ING Groep N.V.","Financial services","2019-04",1939
"ING Groep N.V.","Financial services","2019-03",1860
"ING Groep N.V.","Financial services","2019-03",1936
"ING Groep N.V.","Financial services","2019-01",1753
"ING Groep N.V.","Financial services","2018-12",1571
"Koninklijke Ahold Delhaize N.V.","Consumption goods","2024-12",929
"Koninklijke Ahold Delhaize N.V.","Consumption goods","2024-11",987
"Koninklijke Ahold Delhaize N.V.","Consumption goods","2024-10",942
"Koninklijke Ahold Delhaize N.V.","Consumption goods","2024-09",970
"Koninklijke Ahold Delhaize N.V.","Consumption goods","2024-08",975
"Koninklijke Ahold Delhaize N.V.","Consumption goods","2024-07",970
"Koninklijke Ahold Delhaize N.V.","Consumption goods","2024-06",908
"Koninklijke Ahold Delhaize N.V.","Consumption goods","2024-05",944
"Koninklijke Ahold Delhaize N.V.","Consumption goods","2024-04",955
"Koninklijke Ahold Delhaize N.V.","Consumption goods","2024-03",940
"Koninklijke Ahold Delhaize N.V.","Consumption goods","2024-02",937
"Koninklijke Ahold Delhaize N.V.","Consumption goods","2024-01",894
"Koninklijke Ahold Delhaize N.V.","Consumption goods","2023-12",878
"Koninklijke Ahold Delhaize N.V.","Consumption goods","2023-11",895
"Koninklijke Ahold Delhaize N.V.","Consumption goods","2023-10",932
"Koninklijke Ahold Delhaize N.V.","Consumption goods","2023-09",1015
"Koninklijke Ahold Delhaize N.V.","Consumption goods","2023-08",1063
"Koninklijke Ahold Delhaize N.V.","Consumption goods","2023-07",1108
"Koninklijke Ahold Delhaize N.V.","Consumption goods","2023-06",1114
"Koninklijke Ahold Delhaize N.V.","Consumption goods","2023-05",1064
"Koninklijke Ahold Delhaize N.V.","Consumption goods","2023-04",1129
"Koninklijke Ahold Delhaize N.V.","Consumption goods","2023-03",1150
"Koninklijke Ahold Delhaize N.V.","Consumption goods","2023-02",1118
"Koninklijke Ahold Delhaize N.V.","Consumption goods","2023-01",1049
"Koninklijke Ahold Delhaize N.V.","Consumption goods","2022-12",1033
"Koninklijke Ahold Delhaize N.V.","Consumption goods","2022-11",1074
"Koninklijke Ahold Delhaize N.V.","Consumption goods","2022-10",1092
"Koninklijke Ahold Delhaize N.V.","Consumption goods","2022-09",1021
"Koninklijke Ahold Delhaize N.V.","Consumption goods","2022-08",1083
"Koninklijke Ahold Delhaize N.V.","Consumption goods","2022-07",1083
"Koninklijke Ahold Delhaize N.V.","Consumption goods","2022-06",1019
"Koninklijke Ahold Delhaize N.V.","Consumption goods","2022-05",1059
"Koninklijke Ahold Delhaize N.V.","Consumption goods","2022-04",1133
"Koninklijke Ahold Delhaize N.V.","Consumption goods","2022-03",1172
"Koninklijke Ahold Delhaize N.V.","Consumption goods","2022-02",1105
"Koninklijke Ahold Delhaize N.V.","Consumption goods","2022-01",1119
"Koninklijke Ahold Delhaize N.V.","Consumption goods","2021-12",1184
"Koninklijke Ahold Delhaize N.V.","Consumption goods","2021-11",1149
"Koninklijke Ahold Delhaize N.V.","Consumption goods","2021-10",1100
"Koninklijke Ahold Delhaize N.V.","Consumption goods","2021-09",1126
"Koninklijke Ahold Delhaize N.V.","Consumption goods","2021-08",1138
"Koninklijke Ahold Delhaize N.V.","Consumption goods","2021-07",1095
"Koninklijke Ahold Delhaize N.V.","Consumption goods","2021-06",1076
"Koninklijke Ahold Delhaize N.V.","Consumption goods","2021-05",1031
"Koninklijke Ahold Delhaize N.V.","Consumption goods","2021-04",1035
"Koninklijke Ahold Delhaize N.V.","Consumption goods","2021-03",1062
"Koninklijke Ahold Delhaize N.V.","Consumption goods","2021-02",1019
"Koninklijke Ahold Delhaize N.V.","Consumption goods","2021-01",986
"Koninklijke Ahold Delhaize N.V.","Consumption goods","2020-12",948
"Koninklijke Ahold Delhaize N.V.","Consumption goods","2020-11",927
"Koninklijke Ahold Delhaize N.V.","Consumption goods","2020-10",866
"Koninklijke Ahold Delhaize N.V.","Consumption goods","2020-09",906
"Koninklijke Ahold Delhaize N.V.","Consumption goods","2020-08",904
"Koninklijke Ahold Delhaize N.V.","Consumption goods","2020-07",875
"Koninklijke Ahold Delhaize N.V.","Consumption goods","2020-06",1018
"Koninklijke Ahold Delhaize N.V.","Consumption goods","2020-05",972
"Koninklijke Ahold Delhaize N.V.","Consumption goods","2020-04",964
"Koninklijke Ahold Delhaize N.V.","Consumption goods","2020-03",924
"Koninklijke Ahold Delhaize N.V.","Consumption goods","2020-03",899
"Koninklijke Ahold Delhaize N.V.","Consumption goods","2020-01",954
"Koninklijke Ahold Delhaize N.V.","Consumption goods","2019-12",960
"Koninklijke Ahold Delhaize N.V.","Consumption goods","2019-11",998
"Koninklijke Ahold Delhaize N.V.","Consumption goods","2019-10",971
"Koninklijke Ahold Delhaize N.V.","Consumption goods","2019-09",1006
"Koninklijke Ahold Delhaize N.V.","Consumption goods","2019-08",950
"Koninklijke Ahold Delhaize N.V.","Consumption goods","2019-07",927
"Koninklijke Ahold Delhaize N.V.","Consumption goods","2019-06",902
"Koninklijke Ahold Delhaize N.V.","Consumption goods","2019-05",901
"Koninklijke Ahold Delhaize N.V.","Consumption goods","2019-04",957
"Koninklijke Ahold Delhaize N.V.","Consumption goods","2019-03",1031
"Koninklijke Ahold Delhaize N.V.","Consumption goods","2019-03",1002
"Koninklijke Ahold Delhaize N.V.","Consumption goods","2019-01",1034
"Koninklijke Ahold Delhaize N.V.","Consumption goods","2018-12",1011
"Koninklijke KPN N.V.","Telecommunications","2024-12",354
"Koninklijke KPN N.V.","Telecommunications","2024-11",372
"Koninklijke KPN N.V.","Telecommunications","2024-10",363
"Koninklijke KPN N.V.","Telecommunications","2024-09",372
"Koninklijke KPN N.V.","Telecommunications","2024-08",374
"Koninklijke KPN N.V.","Telecommunications","2024-07",373
"Koninklijke KPN N.V.","Telecommunications","2024-06",367
"Koninklijke KPN N.V.","Telecommunications","2024-05",360
"Koninklijke KPN N.V.","Telecommunications","2024-04",356
"Koninklijke KPN N.V.","Telecommunications","2024-03",357
"Koninklijke KPN N.V.","Telecommunications","2024-02",354
"Koninklijke KPN N.V.","Telecommunications","2024-01",339
"Koninklijke KPN N.V.","Telecommunications","2023-12",332
"Koninklijke KPN N.V.","Telecommunications","2023-11",341
"Koninklijke KPN N.V.","Telecommunications","2023-10",343
"Koninklijke KPN N.V.","Telecommunications","2023-09",339
"Koninklijke KPN N.V.","Telecommunications","2023-08",352
"Koninklijke KPN N.V.","Telecommunications","2023-07",362
"Koninklijke KPN N.V.","Telecommunications","2023-06",359
"Koninklijke KPN N.V.","Telecommunications","2023-05",354
"Koninklijke KPN N.V.","Telecommunications","2023-04",365
"Koninklijke KPN N.V.","Telecommunications","2023-03",357
"Koninklijke KPN N.V.","Telecommunications","2023-02",360
"Koninklijke KPN N.V.","Telecommunications","2023-01",351
"Koninklijke KPN N.V.","Telecommunications","2022-12",310
"Koninklijke KPN N.V.","Telecommunications","2022-11",319
"Koninklijke KPN N.V.","Telecommunications","2022-10",306
"Koninklijke KPN N.V.","Telecommunications","2022-09",298
"Koninklijke KPN N.V.","Telecommunications","2022-08",341
"Koninklijke KPN N.V.","Telecommunications","2022-07",355
"Koninklijke KPN N.V.","Telecommunications","2022-06",368
"Koninklijke KPN N.V.","Telecommunications","2022-05",372
"Koninklijke KPN N.V.","Telecommunications","2022-04",366
"Koninklijke KPN N.V.","Telecommunications","2022-03",355
"Koninklijke KPN N.V.","Telecommunications","2022-02",354
"Koninklijke KPN N.V.","Telecommunications","2022-01",365
"Koninklijke KPN N.V.","Telecommunications","2021-12",352
"Koninklijke KPN N.V.","Telecommunications","2021-11",337
"Koninklijke KPN N.V.","Telecommunications","2021-10",346
"Koninklijke KPN N.V.","Telecommunications","2021-09",346
"Koninklijke KPN N.V.","Telecommunications","2021-08",352
"Koninklijke KPN N.V.","Telecommunications","2021-07",357
"Koninklijke KPN N.V.","Telecommunications","2021-06",345
"Koninklijke KPN N.V.","Telecommunications","2021-05",343
"Koninklijke KPN N.V.","Telecommunications","2021-04",342
"Koninklijke KPN N.V.","Telecommunications","2021-03",330
"Koninklijke KPN N.V.","Telecommunications","2021-02",319
"Koninklijke KPN N.V.","Telecommunications","2021-01",306
"Koninklijke KPN N.V.","Telecommunications","2020-12",304
"Koninklijke KPN N.V.","Telecommunications","2020-11",306
"Koninklijke KPN N.V.","Telecommunications","2020-10",273
"Koninklijke KPN N.V.","Telecommunications","2020-09",241
"Koninklijke KPN N.V.","Telecommunications","2020-08",260
"Koninklijke KPN N.V.","Telecommunications","2020-07",256
"Koninklijke KPN N.V.","Telecommunications","2020-06",265
"Koninklijke KPN N.V.","Telecommunications","2020-05",255
"Koninklijke KPN N.V.","Telecommunications","2020-04",251
"Koninklijke KPN N.V.","Telecommunications","2020-03",247
"Koninklijke KPN N.V.","Telecommunications","2020-03",248
"Koninklijke KPN N.V.","Telecommunications","2020-01",290
"Koninklijke KPN N.V.","Telecommunications","2019-12",301
"Koninklijke KPN N.V.","Telecommunications","2019-11",311
"Koninklijke KPN N.V.","Telecommunications","2019-10",312
"Koninklijke KPN N.V.","Telecommunications","2019-09",326
"Koninklijke KPN N.V.","Telecommunications","2019-08",334
"Koninklijke KPN N.V.","Telecommunications","2019-07",315
"Koninklijke KPN N.V.","Telecommunications","2019-06",324
"Koninklijke KPN N.V.","Telecommunications","2019-05",335
"Koninklijke KPN N.V.","Telecommunications","2019-04",342
"Koninklijke KPN N.V.","Telecommunications","2019-03",352
"Koninklijke KPN N.V.","Telecommunications","2019-03",353
"Koninklijke KPN N.V.","Telecommunications","2019-01",344
"Koninklijke KPN N.V.","Telecommunications","2018-12",344
"Koninklijke Philips N.V.","Healthcare","2024-12",711
"Koninklijke Philips N.V.","Healthcare","2024-11",757
"Koninklijke Philips N.V.","Healthcare","2024-10",728
"Koninklijke Philips N.V.","Healthcare","2024-09",861
"Koninklijke Philips N.V.","Healthcare","2024-08",809
"Koninklijke Philips N.V.","Healthcare","2024-07",791
"Koninklijke Philips N.V.","Healthcare","2024-06",736
"Koninklijke Philips N.V.","Healthcare","2024-05",779
"Koninklijke Philips N.V.","Healthcare","2024-04",776
"Koninklijke Philips N.V.","Healthcare","2024-03",639
"Koninklijke Philips N.V.","Healthcare","2024-02",636
"Koninklijke Philips N.V.","Healthcare","2024-01",673
"Koninklijke Philips N.V.","Healthcare","2023-12",713
"Koninklijke Philips N.V.","Healthcare","2023-11",676
"Koninklijke Philips N.V.","Healthcare","2023-10",656
"Koninklijke Philips N.V.","Healthcare","2023-09",696
"Koninklijke Philips N.V.","Healthcare","2023-08",767
"Koninklijke Philips N.V.","Healthcare","2023-07",724
"Koninklijke Philips N.V.","Healthcare","2023-06",731
"Koninklijke Philips N.V.","Healthcare","2023-05",662
"Koninklijke Philips N.V.","Healthcare","2023-04",681
"Koninklijke Philips N.V.","Healthcare","2023-03",627
"Koninklijke Philips N.V.","Healthcare","2023-02",583
"Koninklijke Philips N.V.","Healthcare","2023-01",604
"Koninklijke Philips N.V.","Healthcare","2022-12",525
"Koninklijke Philips N.V.","Healthcare","2022-11",511
"Koninklijke Philips N.V.","Healthcare","2022-10",468
"Koninklijke Philips N.V.","Healthcare","2022-09",545
"Koninklijke Philips N.V.","Healthcare","2022-08",565
"Koninklijke Philips N.V.","Healthcare","2022-07",654
"Koninklijke Philips N.V.","Healthcare","2022-06",659
"Koninklijke Philips N.V.","Healthcare","2022-05",737
"Koninklijke Philips N.V.","Healthcare","2022-04",763
"Koninklijke Philips N.V.","Healthcare","2022-03",813
"Koninklijke Philips N.V.","Healthcare","2022-02",871
"Koninklijke Philips N.V.","Healthcare","2022-01",861
"Koninklijke Philips N.V.","Healthcare","2021-12",872
"Koninklijke Philips N.V.","Healthcare","2021-11",802
"Koninklijke Philips N.V.","Healthcare","2021-10",982
"Koninklijke Philips N.V.","Healthcare","2021-09",937
"Koninklijke Philips N.V.","Healthcare","2021-08",954
"Koninklijke Philips N.V.","Healthcare","2021-07",937
"Koninklijke Philips N.V.","Healthcare","2021-06",964
"Koninklijke Philips N.V.","Healthcare","2021-05",1025
"Koninklijke Philips N.V.","Healthcare","2021-04",1035
"Koninklijke Philips N.V.","Healthcare","2021-03",1061
"Koninklijke Philips N.V.","Healthcare","2021-02",987
"Koninklijke Philips N.V.","Healthcare","2021-01",1000
"Koninklijke Philips N.V.","Healthcare","2020-12",985
"Koninklijke Philips N.V.","Healthcare","2020-11",974
"Koninklijke Philips N.V.","Healthcare","2020-10",906
"Koninklijke Philips N.V.","Healthcare","2020-09",915
"Koninklijke Philips N.V.","Healthcare","2020-08",900
"Koninklijke Philips N.V.","Healthcare","2020-07",998
"Koninklijke Philips N.V.","Healthcare","2020-06",942
"Koninklijke Philips N.V.","Healthcare","2020-05",941
"Koninklijke Philips N.V.","Healthcare","2020-04",935
"Koninklijke Philips N.V.","Healthcare","2020-03",861
"Koninklijke Philips N.V.","Healthcare","2020-03",884
"Koninklijke Philips N.V.","Healthcare","2020-01",958
"Koninklijke Philips N.V.","Healthcare","2019-12",1014
"Koninklijke Philips N.V.","Healthcare","2019-11",1005
"Koninklijke Philips N.V.","Healthcare","2019-10",946
"Koninklijke Philips N.V.","Healthcare","2019-09",1028
"Koninklijke Philips N.V.","Healthcare","2019-08",1049
"Koninklijke Philips N.V.","Healthcare","2019-07",1054
"Koninklijke Philips N.V.","Healthcare","2019-06",980
"Koninklijke Philips N.V.","Healthcare","2019-05",908
"Koninklijke Philips N.V.","Healthcare","2019-04",976
"Koninklijke Philips N.V.","Healthcare","2019-03",936
"Koninklijke Philips N.V.","Healthcare","2019-03",913
"Koninklijke Philips N.V.","Healthcare","2019-01",883
"Koninklijke Philips N.V.","Healthcare","2018-12",815
"NN Group N.V.","Financial services","2024-12",702
"NN Group N.V.","Financial services","2024-11",746
"NN Group N.V.","Financial services","2024-10",759
"NN Group N.V.","Financial services","2024-09",782
"NN Group N.V.","Financial services","2024-08",801
"NN Group N.V.","Financial services","2024-07",836
"NN Group N.V.","Financial services","2024-06",827
"NN Group N.V.","Financial services","2024-05",824
"NN Group N.V.","Financial services","2024-04",820
"NN Group N.V.","Financial services","2024-03",808
"NN Group N.V.","Financial services","2024-02",705
"NN Group N.V.","Financial services","2024-01",727
"NN Group N.V.","Financial services","2023-12",644
"NN Group N.V.","Financial services","2023-11",657
"NN Group N.V.","Financial services","2023-10",582
"NN Group N.V.","Financial services","2023-09",564
"NN Group N.V.","Financial services","2023-08",627
"NN Group N.V.","Financial services","2023-07",600
"NN Group N.V.","Financial services","2023-06",569
"NN Group N.V.","Financial services","2023-05",525
"NN Group N.V.","Financial services","2023-04",477
"NN Group N.V.","Financial services","2023-03",446
"NN Group N.V.","Financial services","2023-02",422
"NN Group N.V.","Financial services","2023-01",412
"NN Group N.V.","Financial services","2022-12",376
"NN Group N.V.","Financial services","2022-11",393
"NN Group N.V.","Financial services","2022-10",391
"NN Group N.V.","Financial services","2022-09",369
"NN Group N.V.","Financial services","2022-08",382
"NN Group N.V.","Financial services","2022-07",386
"NN Group N.V.","Financial services","2022-06",370
"NN Group N.V.","Financial services","2022-05",404
"NN Group N.V.","Financial services","2022-04",407
"NN Group N.V.","Financial services","2022-03",397
"NN Group N.V.","Financial services","2022-02",351
"NN Group N.V.","Financial services","2022-01",395
"NN Group N.V.","Financial services","2021-12",381
"NN Group N.V.","Financial services","2021-11",349
"NN Group N.V.","Financial services","2021-10",374
"NN Group N.V.","Financial services","2021-09",368
"NN Group N.V.","Financial services","2021-08",368
"NN Group N.V.","Financial services","2021-07",351
"NN Group N.V.","Financial services","2021-06",334
"NN Group N.V.","Financial services","2021-05",340
"NN Group N.V.","Financial services","2021-04",333
"NN Group N.V.","Financial services","2021-03",337
"NN Group N.V.","Financial services","2021-02",309
"NN Group N.V.","Financial services","2021-01",270
"NN Group N.V.","Financial services","2020-12",278
"NN Group N.V.","Financial services","2020-11",267
"NN Group N.V.","Financial services","2020-10",237
"NN Group N.V.","Financial services","2020-09",253
"NN Group N.V.","Financial services","2020-08",245
"NN Group N.V.","Financial services","2020-07",234
"NN Group N.V.","Financial services","2020-06",240
"NN Group N.V.","Financial services","2020-05",206
"NN Group N.V.","Financial services","2020-04",196
"NN Group N.V.","Financial services","2020-03",177
"NN Group N.V.","Financial services","2020-03",182
"NN Group N.V.","Financial services","2020-01",184
"NN Group N.V.","Financial services","2019-12",190
"NN Group N.V.","Financial services","2019-11",194
"NN Group N.V.","Financial services","2019-10",193
"NN Group N.V.","Financial services","2019-09",185
"NN Group N.V.","Financial services","2019-08",170
"NN Group N.V.","Financial services","2019-07",185
"NN Group N.V.","Financial services","2019-06",191
"NN Group N.V.","Financial services","2019-05",189
"NN Group N.V.","Financial services","2019-04",192
"NN Group N.V.","Financial services","2019-03",183
"NN Group N.V.","Financial services","2019-03",193
"NN Group N.V.","Financial services","2019-01",187
"NN Group N.V.","Financial services","2018-12",175
"Prosus N.V.","Tech","2024-12",284
"Prosus N.V.","Tech","2024-11",300
"Prosus N.V.","Tech","2024-10",302
"Prosus N.V.","Tech","2024-09",330
"Prosus N.V.","Tech","2024-08",312
"Prosus N.V.","Tech","2024-07",306
"Prosus N.V.","Tech","2024-06",317
"Prosus N.V.","Tech","2024-05",328
"Prosus N.V.","Tech","2024-04",326
"Prosus N.V.","Tech","2024-03",324
"Prosus N.V.","Tech","2024-02",310
"Prosus N.V.","Tech","2024-01",320
"Prosus N.V.","Tech","2023-12",320
"Prosus N.V.","Tech","2023-11",364
"Prosus N.V.","Tech","2023-10",326
"Prosus N.V.","Tech","2023-09",346
"Prosus N.V.","Tech","2023-08",361
"Prosus N.V.","Tech","2023-07",408
"Prosus N.V.","Tech","2023-06",381
"Prosus N.V.","Tech","2023-05",358
"Prosus N.V.","Tech","2023-04",381
"Prosus N.V.","Tech","2023-03",399
"Prosus N.V.","Tech","2023-02",380
"Prosus N.V.","Tech","2023-01",411
"Prosus N.V.","Tech","2022-12",379
"Prosus N.V.","Tech","2022-11",385
"Prosus N.V.","Tech","2022-10",302
"Prosus N.V.","Tech","2022-09",334
"Prosus N.V.","Tech","2022-08",372
"Prosus N.V.","Tech","2022-07",392
"Prosus N.V.","Tech","2022-06",398
"Prosus N.V.","Tech","2022-05",334
"Prosus N.V.","Tech","2022-04",328
"Prosus N.V.","Tech","2022-03",342
"Prosus N.V.","Tech","2022-02",355
"Prosus N.V.","Tech","2022-01",424
"Prosus N.V.","Tech","2021-12",434
"Prosus N.V.","Tech","2021-11",423
"Prosus N.V.","Tech","2021-10",450
"Prosus N.V.","Tech","2021-09",436
"Prosus N.V.","Tech","2021-08",433
"Prosus N.V.","Tech","2021-07",400
"Prosus N.V.","Tech","2021-06",392
"Prosus N.V.","Tech","2021-05",372
"Prosus N.V.","Tech","2021-04",356
"Prosus N.V.","Tech","2021-03",358
"Prosus N.V.","Tech","2021-02",300
"Prosus N.V.","Tech","2021-01",284
"Prosus N.V.","Tech","2020-12",233
"Prosus N.V.","Tech","2020-11",209
"Prosus N.V.","Tech","2020-10",154
"Prosus N.V.","Tech","2020-09",143
"Prosus N.V.","Tech","2020-08",141
"Prosus N.V.","Tech","2020-07",135
"Prosus N.V.","Tech","2020-06",127
"Prosus N.V.","Tech","2020-05",116
"Prosus N.V.","Tech","2020-04",103
"Prosus N.V.","Tech","2020-03",95
"Prosus N.V.","Tech","2020-03",90
"Prosus N.V.","Tech","2020-01",98
"Prosus N.V.","Tech","2019-12",69
"Randstad N.V.","Other services","2024-12",173
"Randstad N.V.","Other services","2024-11",180
"Randstad N.V.","Other services","2024-10",182
"Randstad N.V.","Other services","2024-09",194
"Randstad N.V.","Other services","2024-08",184
"Randstad N.V.","Other services","2024-07",184
"Randstad N.V.","Other services","2024-06",174
"Randstad N.V.","Other services","2024-05",188
"Randstad N.V.","Other services","2024-04",190
"Randstad N.V.","Other services","2024-03",195
"Randstad N.V.","Other services","2024-02",189
"Randstad N.V.","Other services","2024-01",193
"Randstad N.V.","Other services","2023-12",205
"Randstad N.V.","Other services","2023-11",205
"Randstad N.V.","Other services","2023-10",189
"Randstad N.V.","Other services","2023-09",202
"Randstad N.V.","Other services","2023-08",213
"Randstad N.V.","Other services","2023-07",212
"Randstad N.V.","Other services","2023-06",199
"Randstad N.V.","Other services","2023-05",191
"Randstad N.V.","Other services","2023-04",204
"Randstad N.V.","Other services","2023-03",223
"Randstad N.V.","Other services","2023-02",229
"Randstad N.V.","Other services","2023-01",235
"Randstad N.V.","Other services","2022-12",239
"Randstad N.V.","Other services","2022-11",241
"Randstad N.V.","Other services","2022-10",234
"Randstad N.V.","Other services","2022-09",221
"Randstad N.V.","Other services","2022-08",222
"Randstad N.V.","Other services","2022-07",233
"Randstad N.V.","Other services","2022-06",214
"Randstad N.V.","Other services","2022-05",240
"Randstad N.V.","Other services","2022-04",233
"Randstad N.V.","Other services","2022-03",246
"Randstad N.V.","Other services","2022-02",240
"Randstad N.V.","Other services","2022-01",230
"Randstad N.V.","Other services","2021-12",243
"Randstad N.V.","Other services","2021-11",225
"Randstad N.V.","Other services","2021-10",264
"Randstad N.V.","Other services","2021-09",257
"Randstad N.V.","Other services","2021-08",274
"Randstad N.V.","Other services","2021-07",274
"Randstad N.V.","Other services","2021-06",273
"Randstad N.V.","Other services","2021-05",272
"Randstad N.V.","Other services","2021-04",259
"Randstad N.V.","Other services","2021-03",269
"Randstad N.V.","Other services","2021-02",251
"Randstad N.V.","Other services","2021-01",234
"Randstad N.V.","Other services","2020-12",248
"Randstad N.V.","Other services","2020-11",248
"Randstad N.V.","Other services","2020-10",214
"Randstad N.V.","Other services","2020-09",226
"Randstad N.V.","Other services","2020-08",224
"Randstad N.V.","Other services","2020-07",211
"Randstad N.V.","Other services","2020-06",204
"Randstad N.V.","Other services","2020-05",197
"Randstad N.V.","Other services","2020-04",192
"Randstad N.V.","Other services","2020-03",168
"Randstad N.V.","Other services","2020-03",233
"Randstad N.V.","Other services","2020-01",259
"Randstad N.V.","Other services","2019-12",278
"Randstad N.V.","Other services","2019-11",286
"Randstad N.V.","Other services","2019-10",281
"Randstad N.V.","Other services","2019-09",269
"Randstad N.V.","Other services","2019-08",254
"Randstad N.V.","Other services","2019-07",273
"Randstad N.V.","Other services","2019-06",301
"Randstad N.V.","Other services","2019-05",292
"Randstad N.V.","Other services","2019-04",274
"Randstad N.V.","Other services","2019-03",298
"Randstad N.V.","Other services","2019-03",315
"Randstad N.V.","Other services","2019-01",295
"Randstad N.V.","Other services","2018-12",284
"RELX PLC","Consumer goods","2024-12",386
"RELX PLC","Consumer goods","2024-11",401
"RELX PLC","Consumer goods","2024-10",385
"RELX PLC","Consumer goods","2024-09",382
"RELX PLC","Consumer goods","2024-08",385
"RELX PLC","Consumer goods","2024-07",398
"RELX PLC","Consumer goods","2024-06",389
"RELX PLC","Consumer goods","2024-05",359
"RELX PLC","Consumer goods","2024-04",349
"RELX PLC","Consumer goods","2024-03",363
"RELX PLC","Consumer goods","2024-02",370
"RELX PLC","Consumer goods","2024-01",348
"RELX PLC","Consumer goods","2023-12",325
"RELX PLC","Consumer goods","2023-11",327
"RELX PLC","Consumer goods","2023-10",309
"RELX PLC","Consumer goods","2023-09",303
"RELX PLC","Consumer goods","2023-08",284
"RELX PLC","Consumer goods","2023-07",288
"RELX PLC","Consumer goods","2023-06",288
"RELX PLC","Consumer goods","2023-05",275
"RELX PLC","Consumer goods","2023-04",284
"RELX PLC","Consumer goods","2023-03",283
"RELX PLC","Consumer goods","2023-02",276
"RELX PLC","Consumer goods","2023-01",267
"RELX PLC","Consumer goods","2022-12",254
"RELX PLC","Consumer goods","2022-11",267
"RELX PLC","Consumer goods","2022-10",273
"RELX PLC","Consumer goods","2022-09",251
"RELX PLC","Consumer goods","2022-08",264
"RELX PLC","Consumer goods","2022-07",292
"RELX PLC","Consumer goods","2022-06",264
"RELX PLC","Consumer goods","2022-05",270
"RELX PLC","Consumer goods","2022-04",289
"RELX PLC","Consumer goods","2022-03",289
"RELX PLC","Consumer goods","2022-02",284
"RELX PLC","Consumer goods","2022-01",287
"RELX PLC","Consumer goods","2021-12",304
"RELX PLC","Consumer goods","2021-11",293
"RELX PLC","Consumer goods","2021-10",291
"RELX PLC","Consumer goods","2021-09",279
"RELX PLC","Consumer goods","2021-08",286
"RELX PLC","Consumer goods","2021-07",279
"RELX PLC","Consumer goods","2021-06",253
"RELX PLC","Consumer goods","2021-05",243
"RELX PLC","Consumer goods","2021-04",246
"RELX PLC","Consumer goods","2021-03",247
"RELX PLC","Consumer goods","2021-02",224
"RELX PLC","Consumer goods","2021-01",237
"RELX PLC","Consumer goods","2020-12",232
"RELX PLC","Consumer goods","2020-11",226
"RELX PLC","Consumer goods","2020-10",197
"RELX PLC","Consumer goods","2020-09",218
"RELX PLC","Consumer goods","2020-08",225
"RELX PLC","Consumer goods","2020-07",213
"RELX PLC","Consumer goods","2020-06",238
"RELX PLC","Consumer goods","2020-05",241
"RELX PLC","Consumer goods","2020-04",239
"RELX PLC","Consumer goods","2020-03",226
"RELX PLC","Consumer goods","2020-03",253
"RELX PLC","Consumer goods","2020-01",281
"RELX PLC","Consumer goods","2019-12",268
"RELX PLC","Consumer goods","2019-11",267
"RELX PLC","Consumer goods","2019-10",264
"RELX PLC","Consumer goods","2019-09",267
"RELX PLC","Consumer goods","2019-08",269
"RELX PLC","Consumer goods","2019-07",266
"RELX PLC","Consumer goods","2019-06",303
"RELX PLC","Consumer goods","2019-05",293
"RELX PLC","Consumer goods","2019-04",290
"RELX PLC","Consumer goods","2019-03",274
"RELX PLC","Consumer goods","2019-03",289
"RELX PLC","Consumer goods","2019-01",281
"RELX PLC","Consumer goods","2018-12",268
"Shell PLC","Energy","2024-12",4409
"Shell PLC","Energy","2024-11",4615
"Shell PLC","Energy","2024-10",4649
"Shell PLC","Energy","2024-09",4533
"Shell PLC","Energy","2024-08",4799
"Shell PLC","Energy","2024-07",5015
"Shell PLC","Energy","2024-06",5019
"Shell PLC","Energy","2024-05",4981
"Shell PLC","Energy","2024-04",5060
"Shell PLC","Energy","2024-03",4847
"Shell PLC","Energy","2024-02",4705
"Shell PLC","Energy","2024-01",4741
"Shell PLC","Energy","2023-12",4737
"Shell PLC","Energy","2023-11",4904
"Shell PLC","Energy","2023-10",4955
"Shell PLC","Energy","2023-09",5054
"Shell PLC","Energy","2023-08",4989
"Shell PLC","Energy","2023-07",5031
"Shell PLC","Energy","2023-06",5027
"Shell PLC","Energy","2023-05",4855
"Shell PLC","Energy","2023-04",5083
"Shell PLC","Energy","2023-03",4912
"Shell PLC","Energy","2023-02",5147
"Shell PLC","Energy","2023-01",4988
"Shell PLC","Energy","2022-12",4891
"Shell PLC","Energy","2022-11",5188
"Shell PLC","Energy","2022-10",5204
"Shell PLC","Energy","2022-09",4974
"Shell PLC","Energy","2022-08",5125
"Shell PLC","Energy","2022-07",5198
"Shell PLC","Energy","2022-06",4966
"Shell PLC","Energy","2022-05",5591
"Shell PLC","Energy","2022-04",5308
"Shell PLC","Energy","2022-03",5226
"Shell PLC","Energy","2022-02",5205
"Shell PLC","Energy","2022-01",5349
"Shell PLC","Energy","2021-12",4696
"Shell PLC","Energy","2021-11",4498
"Shell PLC","Energy","2021-10",4875
"Shell PLC","Energy","2021-09",4776
"Shell PLC","Energy","2021-08",4437
"Shell PLC","Energy","2021-07",4517
"Shell PLC","Energy","2021-06",4468
"Shell PLC","Energy","2021-05",4234
"Shell PLC","Energy","2021-04",4247
"Shell PLC","Energy","2021-03",4343
"Shell PLC","Energy","2021-02",4331
"Shell PLC","Energy","2021-01",4024
"Shell PLC","Energy","2020-12",3942
"Shell PLC","Energy","2020-11",4023
"Shell PLC","Energy","2020-10",3095
"Shell PLC","Energy","2020-09",2971
"Shell PLC","Energy","2020-08",3251
"Shell PLC","Energy","2020-07",3162
"Shell PLC","Energy","2020-06",3579
"Shell PLC","Energy","2020-05",3535
"Shell PLC","Energy","2020-04",3717
"Shell PLC","Energy","2020-03",3839
"Shell PLC","Energy","2020-03",3361
"Shell PLC","Energy","2020-01",3938
"Shell PLC","Energy","2019-12",4211
"Shell PLC","Energy","2019-11",4172
"Shell PLC","Energy","2019-10",4187
"Shell PLC","Energy","2019-09",4300
"Shell PLC","Energy","2019-08",4067
"Shell PLC","Energy","2019-07",4374
"Shell PLC","Energy","2019-06",4395
"Shell PLC","Energy","2019-05",4274
"Shell PLC","Energy","2019-04",4304
"Shell PLC","Energy","2019-03",4330
"Shell PLC","Energy","2019-03",4295
"Shell PLC","Energy","2019-01",4273
"Shell PLC","Energy","2018-12",4031
"Unilever PLC","Consumption goods","2024-12",1475
"Unilever PLC","Consumption goods","2024-11",1544
"Unilever PLC","Consumption goods","2024-10",1577
"Unilever PLC","Consumption goods","2024-09",1635
"Unilever PLC","Consumption goods","2024-08",1664
"Unilever PLC","Consumption goods","2024-07",1646
"Unilever PLC","Consumption goods","2024-06",1526
"Unilever PLC","Consumption goods","2024-05",1514
"Unilever PLC","Consumption goods","2024-04",1493
"Unilever PLC","Consumption goods","2024-03",1456
"Unilever PLC","Consumption goods","2024-02",1424
"Unilever PLC","Consumption goods","2024-01",1435
"Unilever PLC","Consumption goods","2023-12",1391
"Unilever PLC","Consumption goods","2023-11",1404
"Unilever PLC","Consumption goods","2023-10",1427
"Unilever PLC","Consumption goods","2023-09",1435
"Unilever PLC","Consumption goods","2023-08",1457
"Unilever PLC","Consumption goods","2023-07",1491
"Unilever PLC","Consumption goods","2023-06",1471
"Unilever PLC","Consumption goods","2023-05",1435
"Unilever PLC","Consumption goods","2023-04",1539
"Unilever PLC","Consumption goods","2023-03",1486
"Unilever PLC","Consumption goods","2023-02",1480
"Unilever PLC","Consumption goods","2023-01",1479
"Unilever PLC","Consumption goods","2022-12",1480
"Unilever PLC","Consumption goods","2022-11",1525
"Unilever PLC","Consumption goods","2022-10",1490
"Unilever PLC","Consumption goods","2022-09",1464
"Unilever PLC","Consumption goods","2022-08",1497
"Unilever PLC","Consumption goods","2022-07",1577
"Unilever PLC","Consumption goods","2022-06",1462
"Unilever PLC","Consumption goods","2022-05",1517
"Unilever PLC","Consumption goods","2022-04",1509
"Unilever PLC","Consumption goods","2022-03",1402
"Unilever PLC","Consumption goods","2022-02",1517
"Unilever PLC","Consumption goods","2022-01",1545
"Unilever PLC","Consumption goods","2021-12",1588
"Unilever PLC","Consumption goods","2021-11",1518
"Unilever PLC","Consumption goods","2021-10",1568
"Unilever PLC","Consumption goods","2021-09",1561
"Unilever PLC","Consumption goods","2021-08",1572
"Unilever PLC","Consumption goods","2021-07",1600
"Unilever PLC","Consumption goods","2021-06",1626
"Unilever PLC","Consumption goods","2021-05",1618
"Unilever PLC","Consumption goods","2021-04",1633
"Unilever PLC","Consumption goods","2021-03",1615
"Unilever PLC","Consumption goods","2021-02",1504
"Unilever PLC","Consumption goods","2021-01",1522
"Unilever PLC","Consumption goods","2020-12",1600
"Unilever PLC","Consumption goods","2020-11",1585
"Unilever PLC","Consumption goods","2020-10",1456
"Unilever PLC","Consumption goods","2020-09",1520
"Unilever PLC","Consumption goods","2020-08",1447
"Unilever PLC","Consumption goods","2020-07",1497
"Unilever PLC","Consumption goods","2020-06",1422
"Unilever PLC","Consumption goods","2020-05",1419
"Unilever PLC","Consumption goods","2020-04",1393
"Unilever PLC","Consumption goods","2020-03",1360
"Unilever PLC","Consumption goods","2020-03",1407
"Unilever PLC","Consumption goods","2020-01",1583
"Unilever PLC","Consumption goods","2019-12",1544
"Unilever PLC","Consumption goods","2019-11",1592
"Unilever PLC","Consumption goods","2019-10",1577
"Unilever PLC","Consumption goods","2019-09",1633
"Unilever PLC","Consumption goods","2019-08",1673
"Unilever PLC","Consumption goods","2019-07",1564
"Unilever PLC","Consumption goods","2019-06",1601
"Unilever PLC","Consumption goods","2019-05",1612
"Unilever PLC","Consumption goods","2019-04",1605
"Unilever PLC","Consumption goods","2019-03",1585
"Unilever PLC","Consumption goods","2019-03",1485
"Unilever PLC","Consumption goods","2019-01",1468
"Unilever PLC","Consumption goods","2018-12",1481
"Universal Music Group N.V.","Consumer goods","2024-12",40
"Universal Music Group N.V.","Consumer goods","2024-11",36
"Universal Music Group N.V.","Consumer goods","2024-10",36
"Universal Music Group N.V.","Consumer goods","2024-09",38
"Universal Music Group N.V.","Consumer goods","2024-08",38
"Universal Music Group N.V.","Consumer goods","2024-07",31
"Universal Music Group N.V.","Consumer goods","2024-06",34
"Universal Music Group N.V.","Consumer goods","2024-05",34
"Universal Music Group N.V.","Consumer goods","2024-04",33
"Universal Music Group N.V.","Consumer goods","2024-03",31
"Universal Music Group N.V.","Consumer goods","2024-02",31
"Universal Music Group N.V.","Consumer goods","2024-01",30
"Universal Music Group N.V.","Consumer goods","2023-12",27
"Universal Music Group N.V.","Consumer goods","2023-11",27
"Universal Music Group N.V.","Consumer goods","2023-10",27
"Universal Music Group N.V.","Consumer goods","2023-09",28
"Universal Music Group N.V.","Consumer goods","2023-08",27
"Universal Music Group N.V.","Consumer goods","2023-07",29
"Universal Music Group N.V.","Consumer goods","2023-06",26
"Universal Music Group N.V.","Consumer goods","2023-05",24
"Universal Music Group N.V.","Consumer goods","2023-04",22
"Universal Music Group N.V.","Consumer goods","2023-03",25
"Universal Music Group N.V.","Consumer goods","2023-02",19
"Universal Music Group N.V.","Consumer goods","2023-01",19
"Universal Music Group N.V.","Consumer goods","2022-12",18
"Universal Music Group N.V.","Consumer goods","2022-11",19
"Universal Music Group N.V.","Consumer goods","2022-10",17
"Universal Music Group N.V.","Consumer goods","2022-09",15
"Universal Music Group N.V.","Consumer goods","2022-08",15
"Universal Music Group N.V.","Consumer goods","2022-07",16
"Universal Music Group N.V.","Consumer goods","2022-06",15
"Universal Music Group N.V.","Consumer goods","2022-05",16
"Universal Music Group N.V.","Consumer goods","2022-04",16
"Universal Music Group N.V.","Consumer goods","2022-03",17
"Universal Music Group N.V.","Consumer goods","2022-02",17
"Universal Music Group N.V.","Consumer goods","2022-01",16
"Universal Music Group N.V.","Consumer goods","2021-12",15
"Wolters Kluwer N.V.","Consumer goods","2024-12",450
"Wolters Kluwer N.V.","Consumer goods","2024-11",453
"Wolters Kluwer N.V.","Consumer goods","2024-10",443
"Wolters Kluwer N.V.","Consumer goods","2024-09",460
"Wolters Kluwer N.V.","Consumer goods","2024-08",469
"Wolters Kluwer N.V.","Consumer goods","2024-07",473
"Wolters Kluwer N.V.","Consumer goods","2024-06",465
"Wolters Kluwer N.V.","Consumer goods","2024-05",443
"Wolters Kluwer N.V.","Consumer goods","2024-04",428
"Wolters Kluwer N.V.","Consumer goods","2024-03",437
"Wolters Kluwer N.V.","Consumer goods","2024-02",441
"Wolters Kluwer N.V.","Consumer goods","2024-01",411
"Wolters Kluwer N.V.","Consumer goods","2023-12",387
"Wolters Kluwer N.V.","Consumer goods","2023-11",386
"Wolters Kluwer N.V.","Consumer goods","2023-10",373
"Wolters Kluwer N.V.","Consumer goods","2023-09",364
"Wolters Kluwer N.V.","Consumer goods","2023-08",365
"Wolters Kluwer N.V.","Consumer goods","2023-07",373
"Wolters Kluwer N.V.","Consumer goods","2023-06",380
"Wolters Kluwer N.V.","Consumer goods","2023-05",347
"Wolters Kluwer N.V.","Consumer goods","2023-04",388
"Wolters Kluwer N.V.","Consumer goods","2023-03",377
"Wolters Kluwer N.V.","Consumer goods","2023-02",358
"Wolters Kluwer N.V.","Consumer goods","2023-01",333
"Wolters Kluwer N.V.","Consumer goods","2022-12",327
"Wolters Kluwer N.V.","Consumer goods","2022-11",350
"Wolters Kluwer N.V.","Consumer goods","2022-10",354
"Wolters Kluwer N.V.","Consumer goods","2022-09",305
"Wolters Kluwer N.V.","Consumer goods","2022-08",303
"Wolters Kluwer N.V.","Consumer goods","2022-07",313
"Wolters Kluwer N.V.","Consumer goods","2022-06",276
"Wolters Kluwer N.V.","Consumer goods","2022-05",276
"Wolters Kluwer N.V.","Consumer goods","2022-04",290
"Wolters Kluwer N.V.","Consumer goods","2022-03",291
"Wolters Kluwer N.V.","Consumer goods","2022-02",277
"Wolters Kluwer N.V.","Consumer goods","2022-01",276
"Wolters Kluwer N.V.","Consumer goods","2021-12",317
"Wolters Kluwer N.V.","Consumer goods","2021-11",304
"Wolters Kluwer N.V.","Consumer goods","2021-10",282
"Wolters Kluwer N.V.","Consumer goods","2021-09",281
"Wolters Kluwer N.V.","Consumer goods","2021-08",303
"Wolters Kluwer N.V.","Consumer goods","2021-07",310
"Wolters Kluwer N.V.","Consumer goods","2021-06",272
"Wolters Kluwer N.V.","Consumer goods","2021-05",252
"Wolters Kluwer N.V.","Consumer goods","2021-04",243
"Wolters Kluwer N.V.","Consumer goods","2021-03",243
"Wolters Kluwer N.V.","Consumer goods","2021-02",223
"Wolters Kluwer N.V.","Consumer goods","2021-01",226
"Wolters Kluwer N.V.","Consumer goods","2020-12",232
"Wolters Kluwer N.V.","Consumer goods","2020-11",243
"Wolters Kluwer N.V.","Consumer goods","2020-10",238
"Wolters Kluwer N.V.","Consumer goods","2020-09",250
"Wolters Kluwer N.V.","Consumer goods","2020-08",238
"Wolters Kluwer N.V.","Consumer goods","2020-07",231
"Wolters Kluwer N.V.","Consumer goods","2020-06",243
"Wolters Kluwer N.V.","Consumer goods","2020-05",243
"Wolters Kluwer N.V.","Consumer goods","2020-04",227
"Wolters Kluwer N.V.","Consumer goods","2020-03",219
"Wolters Kluwer N.V.","Consumer goods","2020-03",225
"Wolters Kluwer N.V.","Consumer goods","2020-01",233
"Wolters Kluwer N.V.","Consumer goods","2019-12",227
"Wolters Kluwer N.V.","Consumer goods","2019-11",240
"Wolters Kluwer N.V.","Consumer goods","2019-10",245
"Wolters Kluwer N.V.","Consumer goods","2019-09",253
"Wolters Kluwer N.V.","Consumer goods","2019-08",249
"Wolters Kluwer N.V.","Consumer goods","2019-07",248
"Wolters Kluwer N.V.","Consumer goods","2019-06",244
"Wolters Kluwer N.V.","Consumer goods","2019-05",240
"Wolters Kluwer N.V.","Consumer goods","2019-04",235
"Wolters Kluwer N.V.","Consumer goods","2019-03",239
"Wolters Kluwer N.V.","Consumer goods","2019-03",231
"Wolters Kluwer N.V.","Consumer goods","2019-01",219
"Wolters Kluwer N.V.","Consumer goods","2018-12",209
"Aalberts Industries N.V.","Industrial businesses","2020-01",298
"Aalberts Industries N.V.","Industrial businesses","2019-12",304
"Aalberts Industries N.V.","Industrial businesses","2019-11",300
"Aalberts Industries N.V.","Industrial businesses","2019-10",290
"Aalberts Industries N.V.","Industrial businesses","2019-09",298
"Aalberts Industries N.V.","Industrial businesses","2019-08",288
"Aalberts Industries N.V.","Industrial businesses","2019-07",309
"Aalberts Industries N.V.","Industrial businesses","2019-06",304
"Aalberts Industries N.V.","Industrial businesses","2019-05",261
"Aalberts Industries N.V.","Industrial businesses","2019-04",305
"Aalberts Industries N.V.","Industrial businesses","2019-03",275
"Aalberts Industries N.V.","Industrial businesses","2019-03",289
"Aalberts Industries N.V.","Industrial businesses","2019-01",266
"Aalberts Industries N.V.","Industrial businesses","2018-12",253
"Altice Europe N.V.","Telecommunications","2019-01",79
"Altice Europe N.V.","Telecommunications","2018-12",70
"Galapagos","Chemical industry and biotechnology","2021-02",368
"Galapagos","Chemical industry and biotechnology","2021-01",504
"Galapagos","Chemical industry and biotechnology","2020-12",514
"Galapagos","Chemical industry and biotechnology","2020-11",599
"Galapagos","Chemical industry and biotechnology","2020-10",597
"Galapagos","Chemical industry and biotechnology","2020-09",712
"Galapagos","Chemical industry and biotechnology","2020-08",628
"Galapagos","Chemical industry and biotechnology","2020-07",780
"Galapagos","Chemical industry and biotechnology","2020-06",961
"Galapagos","Chemical industry and biotechnology","2020-05",963
"Galapagos","Chemical industry and biotechnology","2020-04",978
"Galapagos","Chemical industry and biotechnology","2020-03",883
"Galapagos","Chemical industry and biotechnology","2020-03",851
"Galapagos","Chemical industry and biotechnology","2020-01",944
"Galapagos","Chemical industry and biotechnology","2019-12",899
"Galapagos","Chemical industry and biotechnology","2019-11",893
"Galapagos","Chemical industry and biotechnology","2019-10",853
"Galapagos","Chemical industry and biotechnology","2019-09",748
"Galapagos","Chemical industry and biotechnology","2019-08",796
"Galapagos","Chemical industry and biotechnology","2019-07",823
"Galapagos","Chemical industry and biotechnology","2019-06",619
"Galapagos","Chemical industry and biotechnology","2019-05",581
"Galapagos","Chemical industry and biotechnology","2019-04",591
"Galapagos","Chemical industry and biotechnology","2019-03",632
"Galapagos","Chemical industry and biotechnology","2019-03",536
"Galapagos","Chemical industry and biotechnology","2019-01",530
"Galapagos","Chemical industry and biotechnology","2018-12",469
"Gemalto N.V.","Industrial businesses","2019-03",24
"Gemalto N.V.","Industrial businesses","2019-03",27
"Gemalto N.V.","Industrial businesses","2019-01",28
"Gemalto N.V.","Industrial businesses","2018-12",28
"Just Eat Takeway.com N.V.","Tech","2022-11",311
"Just Eat Takeway.com N.V.","Tech","2022-10",267
"Just Eat Takeway.com N.V.","Tech","2022-09",252
"Just Eat Takeway.com N.V.","Tech","2022-08",258
"Just Eat Takeway.com N.V.","Tech","2022-07",241
"Just Eat Takeway.com N.V.","Tech","2022-06",218
"Just Eat Takeway.com N.V.","Tech","2022-05",254
"Just Eat Takeway.com N.V.","Tech","2022-04",283
"Just Eat Takeway.com N.V.","Tech","2022-03",270
"Just Eat Takeway.com N.V.","Tech","2022-02",268
"Just Eat Takeway.com N.V.","Tech","2022-01",275
"Just Eat Takeway.com N.V.","Tech","2021-12",273
"Just Eat Takeway.com N.V.","Tech","2021-11",268
"Just Eat Takeway.com N.V.","Tech","2021-10",264
"Just Eat Takeway.com N.V.","Tech","2021-09",255
"Just Eat Takeway.com N.V.","Tech","2021-08",295
"Just Eat Takeway.com N.V.","Tech","2021-07",292
"Just Eat Takeway.com N.V.","Tech","2021-06",282
"Just Eat Takeway.com N.V.","Tech","2021-05",253
"Just Eat Takeway.com N.V.","Tech","2021-04",253
"Just Eat Takeway.com N.V.","Tech","2021-03",266
"Just Eat Takeway.com N.V.","Tech","2021-02",227
"Just Eat Takeway.com N.V.","Tech","2021-01",215
"Just Eat Takeway.com N.V.","Tech","2020-12",153
"Just Eat Takeway.com N.V.","Tech","2020-11",136
"Just Eat Takeway.com N.V.","Tech","2020-10",115
"Just Eat Takeway.com N.V.","Tech","2020-09",117
"Just Eat Takeway.com N.V.","Tech","2020-08",108
"Just Eat Takeway.com N.V.","Tech","2020-07",112
"Just Eat Takeway.com N.V.","Tech","2020-06",115
"Just Eat Takeway.com N.V.","Tech","2020-05",71
"Just Eat Takeway.com N.V.","Tech","2020-04",74
"Just Eat Takeway.com N.V.","Tech","2020-03",61
"Just Eat Takeway.com N.V.","Tech","2019-11",49
"Just Eat Takeway.com N.V.","Tech","2019-10",41
"Just Eat Takeway.com N.V.","Tech","2019-09",36
"Just Eat Takeway.com N.V.","Tech","2019-08",40
"Just Eat Takeway.com N.V.","Tech","2019-07",40
"Just Eat Takeway.com N.V.","Tech","2019-06",36
"Koninklijke Vopak NV","Industrial businesses","2020-01",152
"Koninklijke Vopak NV","Industrial businesses","2019-12",152
"Koninklijke Vopak NV","Industrial businesses","2019-11",154
"Koninklijke Vopak NV","Industrial businesses","2019-10",162
"Koninklijke Vopak NV","Industrial businesses","2019-09",157
"Koninklijke Vopak NV","Industrial businesses","2019-08",149
"Koninklijke Vopak NV","Industrial businesses","2019-07",157
"Koninklijke Vopak NV","Industrial businesses","2019-06",151
"Koninklijke Vopak NV","Industrial businesses","2019-05",138
"Koninklijke Vopak NV","Industrial businesses","2019-04",144
"Koninklijke Vopak NV","Industrial businesses","2019-03",146
"Koninklijke Vopak NV","Industrial businesses","2019-03",147
"Koninklijke Vopak NV","Industrial businesses","2019-01",153
"Koninklijke Vopak NV","Industrial businesses","2018-12",142
"Signify N.V.","Consumer goods","2023-02",91
"Signify N.V.","Consumer goods","2023-01",88
"Signify N.V.","Consumer goods","2022-12",83
"Signify N.V.","Consumer goods","2022-11",84
"Signify N.V.","Consumer goods","2022-10",76
"Signify N.V.","Consumer goods","2022-09",71
"Signify N.V.","Consumer goods","2022-08",75
"Signify N.V.","Consumer goods","2022-07",88
"Signify N.V.","Consumer goods","2022-06",70
"Signify N.V.","Consumer goods","2022-05",80
"Signify N.V.","Consumer goods","2022-04",81
"Signify N.V.","Consumer goods","2022-03",80
"Signify N.V.","Consumer goods","2022-02",85
"Signify N.V.","Consumer goods","2022-01",92
"Signify N.V.","Consumer goods","2021-12",89
"Signify N.V.","Consumer goods","2021-11",83
"Signify N.V.","Consumer goods","2021-10",93
"Signify N.V.","Consumer goods","2021-09",86
"Signify N.V.","Consumer goods","2021-08",92
"Signify N.V.","Consumer goods","2021-07",95
"Signify N.V.","Consumer goods","2021-06",96
"Signify N.V.","Consumer goods","2021-05",94
"Signify N.V.","Consumer goods","2021-04",74
"Signify N.V.","Consumer goods","2021-03",74
"Signify N.V.","Consumer goods","2019-01",59
"Signify N.V.","Consumer goods","2018-12",59
"Unibail-Rodamco-Westfield SE","Real estate","2023-02",156
"Unibail-Rodamco-Westfield SE","Real estate","2023-01",159
"Unibail-Rodamco-Westfield SE","Real estate","2022-12",134
"Unibail-Rodamco-Westfield SE","Real estate","2022-11",162
"Unibail-Rodamco-Westfield SE","Real estate","2022-10",159
"Unibail-Rodamco-Westfield SE","Real estate","2022-09",124
"Unibail-Rodamco-Westfield SE","Real estate","2022-08",144
"Unibail-Rodamco-Westfield SE","Real estate","2022-07",158
"Unibail-Rodamco-Westfield SE","Real estate","2022-06",137
"Unibail-Rodamco-Westfield SE","Real estate","2022-05",169
"Unibail-Rodamco-Westfield SE","Real estate","2022-04",172
"Unibail-Rodamco-Westfield SE","Real estate","2022-03",175
"Unibail-Rodamco-Westfield SE","Real estate","2022-02",169
"Unibail-Rodamco-Westfield SE","Real estate","2022-01",183
"Unibail-Rodamco-Westfield SE","Real estate","2021-12",177
"Unibail-Rodamco-Westfield SE","Real estate","2021-11",169
"Unibail-Rodamco-Westfield SE","Real estate","2021-10",184
"Unibail-Rodamco-Westfield SE","Real estate","2021-09",189
"Unibail-Rodamco-Westfield SE","Real estate","2021-08",197
"Unibail-Rodamco-Westfield SE","Real estate","2021-07",196
"Unibail-Rodamco-Westfield SE","Real estate","2021-06",205
"Unibail-Rodamco-Westfield SE","Real estate","2021-05",202
"Unibail-Rodamco-Westfield SE","Real estate","2021-04",201
"Unibail-Rodamco-Westfield SE","Real estate","2021-03",207
"Unibail-Rodamco-Westfield SE","Real estate","2021-02",203
"Unibail-Rodamco-Westfield SE","Real estate","2021-01",211
"Unibail-Rodamco-Westfield SE","Real estate","2020-12",224
"Unibail-Rodamco-Westfield SE","Real estate","2020-11",247
"Unibail-Rodamco-Westfield SE","Real estate","2020-10",187
"Unibail-Rodamco-Westfield SE","Real estate","2020-09",196
"Unibail-Rodamco-Westfield SE","Real estate","2020-08",210
"Unibail-Rodamco-Westfield SE","Real estate","2020-07",211
"Unibail-Rodamco-Westfield SE","Real estate","2020-06",208
"Unibail-Rodamco-Westfield SE","Real estate","2020-05",160
"Unibail-Rodamco-Westfield SE","Real estate","2020-04",144
"Unibail-Rodamco-Westfield SE","Real estate","2020-03",128
"Unibail-Rodamco-Westfield SE","Real estate","2020-03",162
"Unibail-Rodamco-Westfield SE","Real estate","2020-01",172
"Unibail-Rodamco-Westfield SE","Real estate","2019-12",195
"Unibail-Rodamco-Westfield SE","Real estate","2019-11",195
"Unibail-Rodamco-Westfield SE","Real estate","2019-10",190
"Unibail-Rodamco-Westfield SE","Real estate","2019-09",188
"Unibail-Rodamco-Westfield SE","Real estate","2019-08",169
"Unibail-Rodamco-Westfield SE","Real estate","2019-07",173
"Unibail-Rodamco-Westfield SE","Real estate","2019-06",177
"Unibail-Rodamco-Westfield SE","Real estate","2019-05",175
"Unibail-Rodamco-Westfield SE","Real estate","2019-04",183
"Unibail-Rodamco-Westfield SE","Real estate","2019-03",185
"Unibail-Rodamco-Westfield SE","Real estate","2019-03",177
"Unibail-Rodamco-Westfield SE","Real estate","2019-01",184
"Unibail-Rodamco-Westfield SE","Real estate","2018-12",152
"Source: DNB"
"Disclaimer: https://www.dnb.nl/en/statistics/information/disclaimer/"