"Type of instrument","Category","Period","Value"
"Total","Total","2009-12",116836
"Investment funds","Total","2009-12",49925
"Listed shares","Total","2009-12",35913
"Bonds","Total","2009-12",30997
"Total","Total","2010-01",117675
"Investment funds","Total","2010-01",50171
"Listed shares","Total","2010-01",35645
"Bonds","Total","2010-01",31858
"Total","Total","2010-02",118524
"Investment funds","Total","2010-02",51032
"Listed shares","Total","2010-02",35717
"Bonds","Total","2010-02",31774
"Total","Total","2010-03",124020
"Investment funds","Total","2010-03",54317
"Listed shares","Total","2010-03",37646
"Bonds","Total","2010-03",32056
"Total","Total","2010-04",124601
"Investment funds","Total","2010-04",55036
"Listed shares","Total","2010-04",37861
"Bonds","Total","2010-04",31703
"Total","Total","2010-05",119910
"Investment funds","Total","2010-05",53333
"Listed shares","Total","2010-05",35964
"Bonds","Total","2010-05",30612
"Total","Total","2010-06",118336
"Investment funds","Total","2010-06",52934
"Listed shares","Total","2010-06",35208
"Bonds","Total","2010-06",30193
"Total","Total","2010-07",120312
"Investment funds","Total","2010-07",53730
"Listed shares","Total","2010-07",36284
"Bonds","Total","2010-07",30297
"Total","Total","2010-08",119917
"Investment funds","Total","2010-08",53859
"Listed shares","Total","2010-08",35560
"Bonds","Total","2010-08",30497
"Total","Total","2010-09",122703
"Investment funds","Total","2010-09",55237
"Listed shares","Total","2010-09",37061
"Bonds","Total","2010-09",30405
"Total","Total","2010-10",124125
"Investment funds","Total","2010-10",56214
"Listed shares","Total","2010-10",38001
"Bonds","Total","2010-10",29910
"Total","Total","2010-11",123948
"Investment funds","Total","2010-11",57157
"Listed shares","Total","2010-11",37661
"Bonds","Total","2010-11",29129
"Total","Total","2010-12",127491
"Investment funds","Total","2010-12",58967
"Listed shares","Total","2010-12",39465
"Bonds","Total","2010-12",29058
"Total","Total","2011-01",127192
"Investment funds","Total","2011-01",58861
"Listed shares","Total","2011-01",39805
"Bonds","Total","2011-01",28525
"Total","Total","2011-02",127962
"Investment funds","Total","2011-02",59191
"Listed shares","Total","2011-02",40373
"Bonds","Total","2011-02",28397
"Total","Total","2011-03",126993
"Investment funds","Total","2011-03",58248
"Listed shares","Total","2011-03",40412
"Bonds","Total","2011-03",28332
"Total","Total","2011-04",125274
"Investment funds","Total","2011-04",58285
"Listed shares","Total","2011-04",40346
"Bonds","Total","2011-04",26642
"Total","Total","2011-05",124878
"Investment funds","Total","2011-05",58298
"Listed shares","Total","2011-05",39321
"Bonds","Total","2011-05",27259
"Total","Total","2011-06",121051
"Investment funds","Total","2011-06",56658
"Listed shares","Total","2011-06",37490
"Bonds","Total","2011-06",26902
"Total","Total","2011-07",118845
"Investment funds","Total","2011-07",56695
"Listed shares","Total","2011-07",35870
"Bonds","Total","2011-07",26278
"Total","Total","2011-08",111604
"Investment funds","Total","2011-08",53447
"Listed shares","Total","2011-08",32684
"Bonds","Total","2011-08",25472
"Total","Total","2011-09",108585
"Investment funds","Total","2011-09",51964
"Listed shares","Total","2011-09",31862
"Bonds","Total","2011-09",24758
"Total","Total","2011-10",111789
"Investment funds","Total","2011-10",60217
"Listed shares","Total","2011-10",26978
"Bonds","Total","2011-10",24594
"Total","Total","2011-11",107494
"Investment funds","Total","2011-11",57696
"Listed shares","Total","2011-11",26074
"Bonds","Total","2011-11",23723
"Total","Total","2011-12",109589
"Investment funds","Total","2011-12",58929
"Listed shares","Total","2011-12",26758
"Bonds","Total","2011-12",23901
"Total","Total","2012-01",112375
"Investment funds","Total","2012-01",60625
"Listed shares","Total","2012-01",27645
"Bonds","Total","2012-01",24104
"Total","Total","2012-02",114279
"Investment funds","Total","2012-02",61942
"Listed shares","Total","2012-02",28439
"Bonds","Total","2012-02",23897
"Total","Total","2012-03",114105
"Investment funds","Total","2012-03",62355
"Listed shares","Total","2012-03",28411
"Bonds","Total","2012-03",23337
"Total","Total","2012-04",112391
"Investment funds","Total","2012-04",62224
"Listed shares","Total","2012-04",27272
"Bonds","Total","2012-04",22895
"Total","Total","2012-05",108850
"Investment funds","Total","2012-05",61012
"Listed shares","Total","2012-05",25514
"Bonds","Total","2012-05",22324
"Total","Total","2012-06",109685
"Investment funds","Total","2012-06",61298
"Listed shares","Total","2012-06",26384
"Bonds","Total","2012-06",22001
"Total","Total","2012-07",112182
"Investment funds","Total","2012-07",63043
"Listed shares","Total","2012-07",27392
"Bonds","Total","2012-07",21746
"Total","Total","2012-08",111793
"Investment funds","Total","2012-08",62962
"Listed shares","Total","2012-08",27304
"Bonds","Total","2012-08",21526
"Total","Total","2012-09",112485
"Investment funds","Total","2012-09",63778
"Listed shares","Total","2012-09",27333
"Bonds","Total","2012-09",21373
"Total","Total","2012-10",112547
"Investment funds","Total","2012-10",64170
"Listed shares","Total","2012-10",27462
"Bonds","Total","2012-10",20915
"Total","Total","2012-11",113064
"Investment funds","Total","2012-11",64861
"Listed shares","Total","2012-11",27704
"Bonds","Total","2012-11",20498
"Total","Total","2012-12",114086
"Investment funds","Total","2012-12",65680
"Listed shares","Total","2012-12",28076
"Bonds","Total","2012-12",20329
"Total","Total","2013-01",115654
"Investment funds","Total","2013-01",67051
"Listed shares","Total","2013-01",29083
"Bonds","Total","2013-01",19519
"Total","Total","2013-02",115211
"Investment funds","Total","2013-02",68216
"Listed shares","Total","2013-02",28269
"Bonds","Total","2013-02",18726
"Total","Total","2013-03",116697
"Investment funds","Total","2013-03",69934
"Listed shares","Total","2013-03",28723
"Bonds","Total","2013-03",18038
"Total","Total","2013-04",117746
"Investment funds","Total","2013-04",70841
"Listed shares","Total","2013-04",28809
"Bonds","Total","2013-04",18096
"Total","Total","2013-05",117432
"Investment funds","Total","2013-05",71476
"Listed shares","Total","2013-05",29683
"Bonds","Total","2013-05",16273
"Total","Total","2013-06",113417
"Investment funds","Total","2013-06",69189
"Listed shares","Total","2013-06",28526
"Bonds","Total","2013-06",15701
"Total","Total","2013-07",115689
"Investment funds","Total","2013-07",70318
"Listed shares","Total","2013-07",30012
"Bonds","Total","2013-07",15358
"Total","Total","2013-08",114861
"Investment funds","Total","2013-08",70118
"Listed shares","Total","2013-08",29623
"Bonds","Total","2013-08",15119
"Total","Total","2013-09",116872
"Investment funds","Total","2013-09",71350
"Listed shares","Total","2013-09",30557
"Bonds","Total","2013-09",14963
"Total","Total","2013-10",118911
"Investment funds","Total","2013-10",72607
"Listed shares","Total","2013-10",31629
"Bonds","Total","2013-10",14675
"Total","Total","2013-11",119485
"Investment funds","Total","2013-11",72874
"Listed shares","Total","2013-11",31932
"Bonds","Total","2013-11",14677
"Total","Total","2013-12",118683
"Investment funds","Total","2013-12",72524
"Listed shares","Total","2013-12",32460
"Bonds","Total","2013-12",13698
"Total","Total","2014-01",118487
"Investment funds","Total","2014-01",67804
"Listed shares","Total","2014-01",37265
"Bonds","Total","2014-01",13417
"Total","Total","2014-02",119947
"Investment funds","Total","2014-02",68701
"Listed shares","Total","2014-02",38206
"Bonds","Total","2014-02",13040
"Total","Total","2014-03",120765
"Investment funds","Total","2014-03",69708
"Listed shares","Total","2014-03",38188
"Bonds","Total","2014-03",12868
"Total","Total","2014-04",120154
"Investment funds","Total","2014-04",69876
"Listed shares","Total","2014-04",37989
"Bonds","Total","2014-04",12287
"Total","Total","2014-05",122430
"Investment funds","Total","2014-05",71825
"Listed shares","Total","2014-05",38463
"Bonds","Total","2014-05",12142
"Total","Total","2014-06",124161
"Investment funds","Total","2014-06",73541
"Listed shares","Total","2014-06",38616
"Bonds","Total","2014-06",12003
"Total","Total","2014-07",124378
"Investment funds","Total","2014-07",75113
"Listed shares","Total","2014-07",37377
"Bonds","Total","2014-07",11886
"Total","Total","2014-08",125090
"Investment funds","Total","2014-08",76667
"Listed shares","Total","2014-08",36851
"Bonds","Total","2014-08",11571
"Total","Total","2014-09",125030
"Investment funds","Total","2014-09",75797
"Listed shares","Total","2014-09",37920
"Bonds","Total","2014-09",11313
"Total","Total","2014-10",124196
"Investment funds","Total","2014-10",76528
"Listed shares","Total","2014-10",36658
"Bonds","Total","2014-10",11009
"Total","Total","2014-11",126111
"Investment funds","Total","2014-11",78079
"Listed shares","Total","2014-11",37251
"Bonds","Total","2014-11",10781
"Total","Total","2014-12",125285
"Investment funds","Total","2014-12",77624
"Listed shares","Total","2014-12",37220
"Bonds","Total","2014-12",10440
"Total","Total","2015-01",129755
"Investment funds","Total","2015-01",80957
"Listed shares","Total","2015-01",38192
"Bonds","Total","2015-01",10605
"Total","Total","2015-02",134911
"Investment funds","Total","2015-02",84208
"Listed shares","Total","2015-02",40245
"Bonds","Total","2015-02",10458
"Total","Total","2015-03",135834
"Investment funds","Total","2015-03",84988
"Listed shares","Total","2015-03",40847
"Bonds","Total","2015-03",9998
"Total","Total","2015-04",134949
"Investment funds","Total","2015-04",83948
"Listed shares","Total","2015-04",41172
"Bonds","Total","2015-04",9827
"Total","Total","2015-05",134942
"Investment funds","Total","2015-05",83841
"Listed shares","Total","2015-05",41700
"Bonds","Total","2015-05",9400
"Total","Total","2015-06",130849
"Investment funds","Total","2015-06",81697
"Listed shares","Total","2015-06",40203
"Bonds","Total","2015-06",8948
"Total","Total","2015-07",134686
"Investment funds","Total","2015-07",83705
"Listed shares","Total","2015-07",42225
"Bonds","Total","2015-07",8756
"Total","Total","2015-08",127591
"Investment funds","Total","2015-08",80223
"Listed shares","Total","2015-08",38932
"Bonds","Total","2015-08",8435
"Total","Total","2015-09",124252
"Investment funds","Total","2015-09",78915
"Listed shares","Total","2015-09",37125
"Bonds","Total","2015-09",8211
"Total","Total","2015-10",130655
"Investment funds","Total","2015-10",84043
"Listed shares","Total","2015-10",38459
"Bonds","Total","2015-10",8152
"Total","Total","2015-11",132744
"Investment funds","Total","2015-11",85180
"Listed shares","Total","2015-11",39481
"Bonds","Total","2015-11",8082
"Total","Total","2015-12",128974
"Investment funds","Total","2015-12",83590
"Listed shares","Total","2015-12",37621
"Bonds","Total","2015-12",7761
"Total","Total","2016-01",124304
"Investment funds","Total","2016-01",81076
"Listed shares","Total","2016-01",35665
"Bonds","Total","2016-01",7562
"Total","Total","2016-02",124003
"Investment funds","Total","2016-02",81213
"Listed shares","Total","2016-02",35416
"Bonds","Total","2016-02",7374
"Total","Total","2016-03",126219
"Investment funds","Total","2016-03",82129
"Listed shares","Total","2016-03",36787
"Bonds","Total","2016-03",7302
"Total","Total","2016-04",126760
"Investment funds","Total","2016-04",81994
"Listed shares","Total","2016-04",37427
"Bonds","Total","2016-04",7339
"Total","Total","2016-05",127579
"Investment funds","Total","2016-05",82779
"Listed shares","Total","2016-05",37541
"Bonds","Total","2016-05",7259
"Total","Total","2016-06",125635
"Investment funds","Total","2016-06",82104
"Listed shares","Total","2016-06",36516
"Bonds","Total","2016-06",7014
"Total","Total","2016-07",128048
"Investment funds","Total","2016-07",83688
"Listed shares","Total","2016-07",37427
"Bonds","Total","2016-07",6932
"Total","Total","2016-08",128666
"Investment funds","Total","2016-08",83970
"Listed shares","Total","2016-08",37733
"Bonds","Total","2016-08",6961
"Total","Total","2016-09",128379
"Investment funds","Total","2016-09",84053
"Listed shares","Total","2016-09",37630
"Bonds","Total","2016-09",6695
"Total","Total","2016-10",128954
"Investment funds","Total","2016-10",84288
"Listed shares","Total","2016-10",37952
"Bonds","Total","2016-10",6713
"Total","Total","2016-11",129707
"Investment funds","Total","2016-11",85182
"Listed shares","Total","2016-11",37982
"Bonds","Total","2016-11",6542
"Total","Total","2016-12",133642
"Investment funds","Total","2016-12",88627
"Listed shares","Total","2016-12",38746
"Bonds","Total","2016-12",6268
"Total","Total","2017-01",132460
"Investment funds","Total","2017-01",87204
"Listed shares","Total","2017-01",38919
"Bonds","Total","2017-01",6337
"Total","Total","2017-02",134476
"Investment funds","Total","2017-02",88120
"Listed shares","Total","2017-02",39978
"Bonds","Total","2017-02",6378
"Total","Total","2017-03",135205
"Investment funds","Total","2017-03",88211
"Listed shares","Total","2017-03",40645
"Bonds","Total","2017-03",6348
"Total","Total","2017-04",136442
"Investment funds","Total","2017-04",89464
"Listed shares","Total","2017-04",40771
"Bonds","Total","2017-04",6205
"Total","Total","2017-05",137291
"Investment funds","Total","2017-05",90246
"Listed shares","Total","2017-05",40873
"Bonds","Total","2017-05",6171
"Total","Total","2017-06",136118
"Investment funds","Total","2017-06",89478
"Listed shares","Total","2017-06",40486
"Bonds","Total","2017-06",6153
"Total","Total","2017-07",138061
"Investment funds","Total","2017-07",90618
"Listed shares","Total","2017-07",41342
"Bonds","Total","2017-07",6100
"Total","Total","2017-08",134331
"Investment funds","Total","2017-08",87397
"Listed shares","Total","2017-08",40863
"Bonds","Total","2017-08",6070
"Total","Total","2017-09",137088
"Investment funds","Total","2017-09",88846
"Listed shares","Total","2017-09",42220
"Bonds","Total","2017-09",6020
"Total","Total","2017-10",141113
"Investment funds","Total","2017-10",91089
"Listed shares","Total","2017-10",43940
"Bonds","Total","2017-10",6083
"Total","Total","2017-11",141038
"Investment funds","Total","2017-11",91404
"Listed shares","Total","2017-11",43687
"Bonds","Total","2017-11",5947
"Total","Total","2017-12",146925
"Investment funds","Total","2017-12",96652
"Listed shares","Total","2017-12",44407
"Bonds","Total","2017-12",5865
"Total","Total","2018-01",144283
"Investment funds","Total","2018-01",94716
"Listed shares","Total","2018-01",44047
"Bonds","Total","2018-01",5519
"Total","Total","2018-02",142653
"Investment funds","Total","2018-02",94110
"Listed shares","Total","2018-02",43076
"Bonds","Total","2018-02",5467
"Total","Total","2018-03",140319
"Investment funds","Total","2018-03",92806
"Listed shares","Total","2018-03",42083
"Bonds","Total","2018-03",5429
"Total","Total","2018-04",143245
"Investment funds","Total","2018-04",94311
"Listed shares","Total","2018-04",43510
"Bonds","Total","2018-04",5423
"Total","Total","2018-05",144545
"Investment funds","Total","2018-05",95658
"Listed shares","Total","2018-05",43532
"Bonds","Total","2018-05",5354
"Total","Total","2018-06",143250
"Investment funds","Total","2018-06",94589
"Listed shares","Total","2018-06",43341
"Bonds","Total","2018-06",5319
"Total","Total","2018-07",145529
"Investment funds","Total","2018-07",95807
"Listed shares","Total","2018-07",44430
"Bonds","Total","2018-07",5292
"Total","Total","2018-08",145378
"Investment funds","Total","2018-08",96160
"Listed shares","Total","2018-08",43979
"Bonds","Total","2018-08",5238
"Total","Total","2018-09",144328
"Investment funds","Total","2018-09",95632
"Listed shares","Total","2018-09",43400
"Bonds","Total","2018-09",5294
"Total","Total","2018-10",138561
"Investment funds","Total","2018-10",92430
"Listed shares","Total","2018-10",40930
"Bonds","Total","2018-10",5200
"Total","Total","2018-11",138609
"Investment funds","Total","2018-11",92760
"Listed shares","Total","2018-11",40685
"Bonds","Total","2018-11",5162
"Total","Total","2018-12",131153
"Investment funds","Total","2018-12",88043
"Listed shares","Total","2018-12",38111
"Bonds","Total","2018-12",4998
"Investment funds","Equity","2018-12",47987
"Investment funds","Bonds","2018-12",22445
"Investment funds","Mixed","2018-12",9961
"Investment funds","Other","2018-12",7648
"Total","Total","2019-01",136596
"Investment funds","Total","2019-01",90760
"Listed shares","Total","2019-01",40816
"Bonds","Total","2019-01",5020
"Investment funds","Equity","2019-01",51313
"Investment funds","Bonds","2019-01",22406
"Investment funds","Mixed","2019-01",9965
"Investment funds","Other","2019-01",7074
"Total","Total","2019-02",139061
"Investment funds","Total","2019-02",91797
"Listed shares","Total","2019-02",42246
"Bonds","Total","2019-02",5017
"Investment funds","Equity","2019-02",52100
"Investment funds","Bonds","2019-02",22513
"Investment funds","Mixed","2019-02",10224
"Investment funds","Other","2019-02",6959
"Total","Total","2019-03",139762
"Investment funds","Total","2019-03",92146
"Listed shares","Total","2019-03",42559
"Bonds","Total","2019-03",5056
"Investment funds","Equity","2019-03",52310
"Investment funds","Bonds","2019-03",22633
"Investment funds","Mixed","2019-03",10214
"Investment funds","Other","2019-03",6987
"Total","Total","2019-04",142410
"Investment funds","Total","2019-04",93820
"Listed shares","Total","2019-04",43308
"Bonds","Total","2019-04",5280
"Investment funds","Equity","2019-04",53456
"Investment funds","Bonds","2019-04",22760
"Investment funds","Mixed","2019-04",10575
"Investment funds","Other","2019-04",7029
"Total","Total","2019-05",137618
"Investment funds","Total","2019-05",91195
"Listed shares","Total","2019-05",41160
"Bonds","Total","2019-05",5262
"Investment funds","Equity","2019-05",50296
"Investment funds","Bonds","2019-05",23889
"Investment funds","Mixed","2019-05",10190
"Investment funds","Other","2019-05",6819
"Total","Total","2019-06",141877
"Investment funds","Total","2019-06",93197
"Listed shares","Total","2019-06",43301
"Bonds","Total","2019-06",5378
"Investment funds","Equity","2019-06",51772
"Investment funds","Bonds","2019-06",24080
"Investment funds","Mixed","2019-06",10402
"Investment funds","Other","2019-06",6942
"Total","Total","2019-07",142803
"Investment funds","Total","2019-07",94149
"Listed shares","Total","2019-07",43701
"Bonds","Total","2019-07",4952
"Investment funds","Equity","2019-07",51794
"Investment funds","Bonds","2019-07",24286
"Investment funds","Mixed","2019-07",11050
"Investment funds","Other","2019-07",7017
"Total","Total","2019-08",140421
"Investment funds","Total","2019-08",92835
"Listed shares","Total","2019-08",42526
"Bonds","Total","2019-08",5059
"Investment funds","Equity","2019-08",50602
"Investment funds","Bonds","2019-08",24329
"Investment funds","Mixed","2019-08",10899
"Investment funds","Other","2019-08",7005
"Total","Total","2019-09",142707
"Investment funds","Total","2019-09",94123
"Listed shares","Total","2019-09",43403
"Bonds","Total","2019-09",5180
"Investment funds","Equity","2019-09",51615
"Investment funds","Bonds","2019-09",24475
"Investment funds","Mixed","2019-09",11008
"Investment funds","Other","2019-09",7024
"Total","Total","2019-10",142937
"Investment funds","Total","2019-10",94439
"Listed shares","Total","2019-10",43519
"Bonds","Total","2019-10",4978
"Investment funds","Equity","2019-10",51652
"Investment funds","Bonds","2019-10",24332
"Investment funds","Mixed","2019-10",11558
"Investment funds","Other","2019-10",6895
"Total","Total","2019-11",146005
"Investment funds","Total","2019-11",96468
"Listed shares","Total","2019-11",44743
"Bonds","Total","2019-11",4793
"Investment funds","Equity","2019-11",53726
"Investment funds","Bonds","2019-11",24362
"Investment funds","Mixed","2019-11",11780
"Investment funds","Other","2019-11",6599
"Total","Total","2019-12",146807
"Investment funds","Total","2019-12",96972
"Listed shares","Total","2019-12",45030
"Bonds","Total","2019-12",4804
"Investment funds","Equity","2019-12",54085
"Investment funds","Bonds","2019-12",24259
"Investment funds","Mixed","2019-12",12028
"Investment funds","Other","2019-12",6599
"Total","Total","2020-01",146398
"Investment funds","Total","2020-01",96806
"Listed shares","Total","2020-01",44932
"Bonds","Total","2020-01",4660
"Investment funds","Equity","2020-01",54344
"Investment funds","Bonds","2020-01",24396
"Investment funds","Mixed","2020-01",11499
"Investment funds","Other","2020-01",6565
"Total","Total","2020-02",137885
"Investment funds","Total","2020-02",92577
"Listed shares","Total","2020-02",40815
"Bonds","Total","2020-02",4491
"Investment funds","Equity","2020-02",49981
"Investment funds","Bonds","2020-02",25450
"Investment funds","Mixed","2020-02",10743
"Investment funds","Other","2020-02",6401
"Total","Total","2020-03",123297
"Investment funds","Total","2020-03",82965
"Listed shares","Total","2020-03",36066
"Bonds","Total","2020-03",4265
"Investment funds","Equity","2020-03",44565
"Investment funds","Bonds","2020-03",23426
"Investment funds","Mixed","2020-03",9256
"Investment funds","Other","2020-03",5715
"Total","Total","2020-04",131831
"Investment funds","Total","2020-04",88098
"Listed shares","Total","2020-04",39378
"Bonds","Total","2020-04",4354
"Investment funds","Equity","2020-04",48338
"Investment funds","Bonds","2020-04",24123
"Investment funds","Mixed","2020-04",9747
"Investment funds","Other","2020-04",5888
"Total","Total","2020-05",133221
"Investment funds","Total","2020-05",88731
"Listed shares","Total","2020-05",40116
"Bonds","Total","2020-05",4373
"Investment funds","Equity","2020-05",48406
"Investment funds","Bonds","2020-05",24485
"Investment funds","Mixed","2020-05",9907
"Investment funds","Other","2020-05",5932
"Total","Total","2020-06",136957
"Investment funds","Total","2020-06",90591
"Listed shares","Total","2020-06",41889
"Bonds","Total","2020-06",4476
"Investment funds","Equity","2020-06",45324
"Investment funds","Bonds","2020-06",21768
"Investment funds","Mixed","2020-06",17561
"Investment funds","Other","2020-06",5937
"Total","Total","2020-07",134014
"Investment funds","Total","2020-07",88251
"Listed shares","Total","2020-07",41060
"Bonds","Total","2020-07",4703
"Investment funds","Equity","2020-07",44911
"Investment funds","Bonds","2020-07",21510
"Investment funds","Mixed","2020-07",15851
"Investment funds","Other","2020-07",5978
"Total","Total","2020-08",136897
"Investment funds","Total","2020-08",89791
"Listed shares","Total","2020-08",42419
"Bonds","Total","2020-08",4687
"Investment funds","Equity","2020-08",46295
"Investment funds","Bonds","2020-08",21355
"Investment funds","Mixed","2020-08",16145
"Investment funds","Other","2020-08",5994
"Total","Total","2020-09",137676
"Investment funds","Total","2020-09",89709
"Listed shares","Total","2020-09",42756
"Bonds","Total","2020-09",5210
"Investment funds","Equity","2020-09",45976
"Investment funds","Bonds","2020-09",21481
"Investment funds","Mixed","2020-09",16225
"Investment funds","Other","2020-09",6026
"Total","Total","2020-10",137735
"Investment funds","Total","2020-10",90023
"Listed shares","Total","2020-10",42362
"Bonds","Total","2020-10",5349
"Investment funds","Equity","2020-10",45641
"Investment funds","Bonds","2020-10",21715
"Investment funds","Mixed","2020-10",16711
"Investment funds","Other","2020-10",5955
"Total","Total","2020-11",149698
"Investment funds","Total","2020-11",95781
"Listed shares","Total","2020-11",48609
"Bonds","Total","2020-11",5307
"Investment funds","Equity","2020-11",50026
"Investment funds","Bonds","2020-11",22118
"Investment funds","Mixed","2020-11",17649
"Investment funds","Other","2020-11",5987
"Total","Total","2020-12",151635
"Investment funds","Total","2020-12",97142
"Listed shares","Total","2020-12",49632
"Bonds","Total","2020-12",4860
"Investment funds","Equity","2020-12",51574
"Investment funds","Bonds","2020-12",21301
"Investment funds","Mixed","2020-12",18013
"Investment funds","Other","2020-12",6253
"Total","Total","2021-01",154912
"Investment funds","Total","2021-01",98857
"Listed shares","Total","2021-01",50986
"Bonds","Total","2021-01",5068
"Investment funds","Equity","2021-01",52705
"Investment funds","Bonds","2021-01",21502
"Investment funds","Mixed","2021-01",18310
"Investment funds","Other","2021-01",6338
"Total","Total","2021-02",157750
"Investment funds","Total","2021-02",100228
"Listed shares","Total","2021-02",52351
"Bonds","Total","2021-02",5170
"Investment funds","Equity","2021-02",53795
"Investment funds","Bonds","2021-02",21429
"Investment funds","Mixed","2021-02",18609
"Investment funds","Other","2021-02",6394
"Total","Total","2021-03",164469
"Investment funds","Total","2021-03",103628
"Listed shares","Total","2021-03",55474
"Bonds","Total","2021-03",5365
"Investment funds","Equity","2021-03",56493
"Investment funds","Bonds","2021-03",21612
"Investment funds","Mixed","2021-03",18981
"Investment funds","Other","2021-03",6541
"Total","Total","2021-04",166408
"Investment funds","Total","2021-04",104996
"Listed shares","Total","2021-04",56135
"Bonds","Total","2021-04",5276
"Investment funds","Equity","2021-04",57549
"Investment funds","Bonds","2021-04",21599
"Investment funds","Mixed","2021-04",19237
"Investment funds","Other","2021-04",6609
"Total","Total","2021-05",167295
"Investment funds","Total","2021-05",105363
"Listed shares","Total","2021-05",56592
"Bonds","Total","2021-05",5339
"Investment funds","Equity","2021-05",57971
"Investment funds","Bonds","2021-05",21648
"Investment funds","Mixed","2021-05",19204
"Investment funds","Other","2021-05",6539
"Total","Total","2021-06",172111
"Investment funds","Total","2021-06",108153
"Listed shares","Total","2021-06",58629
"Bonds","Total","2021-06",5328
"Investment funds","Equity","2021-06",59884
"Investment funds","Bonds","2021-06",21994
"Investment funds","Mixed","2021-06",19676
"Investment funds","Other","2021-06",6597
"Total","Total","2021-07",174111
"Investment funds","Total","2021-07",109212
"Listed shares","Total","2021-07",59531
"Bonds","Total","2021-07",5367
"Investment funds","Equity","2021-07",60352
"Investment funds","Bonds","2021-07",22275
"Investment funds","Mixed","2021-07",19802
"Investment funds","Other","2021-07",6783
"Total","Total","2021-08",177881
"Investment funds","Total","2021-08",111670
"Listed shares","Total","2021-08",61079
"Bonds","Total","2021-08",5131
"Investment funds","Equity","2021-08",62352
"Investment funds","Bonds","2021-08",22243
"Investment funds","Mixed","2021-08",20240
"Investment funds","Other","2021-08",6834
"Total","Total","2021-09",174897
"Investment funds","Total","2021-09",109610
"Listed shares","Total","2021-09",60183
"Bonds","Total","2021-09",5103
"Investment funds","Equity","2021-09",60637
"Investment funds","Bonds","2021-09",22163
"Investment funds","Mixed","2021-09",19718
"Investment funds","Other","2021-09",7091
"Total","Total","2021-10",179770
"Investment funds","Total","2021-10",112193
"Listed shares","Total","2021-10",62622
"Bonds","Total","2021-10",4955
"Investment funds","Equity","2021-10",62629
"Investment funds","Bonds","2021-10",22400
"Investment funds","Mixed","2021-10",20244
"Investment funds","Other","2021-10",6918
"Total","Total","2021-11",177540
"Investment funds","Total","2021-11",111246
"Listed shares","Total","2021-11",61089
"Bonds","Total","2021-11",5204
"Investment funds","Equity","2021-11",61641
"Investment funds","Bonds","2021-11",22528
"Investment funds","Mixed","2021-11",20175
"Investment funds","Other","2021-11",6901
"Total","Total","2021-12",182701
"Investment funds","Total","2021-12",115510
"Listed shares","Total","2021-12",62230
"Bonds","Total","2021-12",4960
"Investment funds","Equity","2021-12",63289
"Investment funds","Bonds","2021-12",22506
"Investment funds","Mixed","2021-12",22140
"Investment funds","Other","2021-12",7573
"Total","Total","2022-01",176543
"Investment funds","Total","2022-01",111224
"Listed shares","Total","2022-01",60114
"Bonds","Total","2022-01",5203
"Investment funds","Equity","2022-01",60192
"Investment funds","Bonds","2022-01",22436
"Investment funds","Mixed","2022-01",21305
"Investment funds","Other","2022-01",7290
"Total","Total","2022-02",171709
"Investment funds","Total","2022-02",107745
"Listed shares","Total","2022-02",58957
"Bonds","Total","2022-02",5006
"Investment funds","Equity","2022-02",57794
"Investment funds","Bonds","2022-02",21979
"Investment funds","Mixed","2022-02",20617
"Investment funds","Other","2022-02",7353
"Total","Total","2022-03",172600
"Investment funds","Total","2022-03",108099
"Listed shares","Total","2022-03",59537
"Bonds","Total","2022-03",4963
"Investment funds","Equity","2022-03",58637
"Investment funds","Bonds","2022-03",21583
"Investment funds","Mixed","2022-03",20512
"Investment funds","Other","2022-03",7365
"Total","Total","2022-04",168490
"Investment funds","Total","2022-04",105657
"Listed shares","Total","2022-04",57853
"Bonds","Total","2022-04",4980
"Investment funds","Equity","2022-04",57086
"Investment funds","Bonds","2022-04",21321
"Investment funds","Mixed","2022-04",20143
"Investment funds","Other","2022-04",7106
"Total","Total","2022-05",166383
"Investment funds","Total","2022-05",104152
"Listed shares","Total","2022-05",57187
"Bonds","Total","2022-05",5043
"Investment funds","Equity","2022-05",56106
"Investment funds","Bonds","2022-05",21336
"Investment funds","Mixed","2022-05",19824
"Investment funds","Other","2022-05",6885
"Total","Total","2022-06",156706
"Investment funds","Total","2022-06",99323
"Listed shares","Total","2022-06",52396
"Bonds","Total","2022-06",4986
"Investment funds","Equity","2022-06",52670
"Investment funds","Bonds","2022-06",21236
"Investment funds","Mixed","2022-06",18888
"Investment funds","Other","2022-06",6527
"Total","Total","2022-07",166722
"Investment funds","Total","2022-07",104996
"Listed shares","Total","2022-07",56688
"Bonds","Total","2022-07",5038
"Investment funds","Equity","2022-07",56586
"Investment funds","Bonds","2022-07",21610
"Investment funds","Mixed","2022-07",19876
"Investment funds","Other","2022-07",6922
"Total","Total","2022-08",161783
"Investment funds","Total","2022-08",102337
"Listed shares","Total","2022-08",54399
"Bonds","Total","2022-08",5046
"Investment funds","Equity","2022-08",54810
"Investment funds","Bonds","2022-08",21335
"Investment funds","Mixed","2022-08",19451
"Investment funds","Other","2022-08",6740
"Total","Total","2022-09",152127
"Investment funds","Total","2022-09",96915
"Listed shares","Total","2022-09",50175
"Bonds","Total","2022-09",5036
"Investment funds","Equity","2022-09",50209
"Investment funds","Bonds","2022-09",20720
"Investment funds","Mixed","2022-09",18416
"Investment funds","Other","2022-09",7569
"Total","Total","2022-10",157307
"Investment funds","Total","2022-10",99383
"Listed shares","Total","2022-10",52768
"Bonds","Total","2022-10",5155
"Investment funds","Equity","2022-10",50470
"Investment funds","Bonds","2022-10",21198
"Investment funds","Mixed","2022-10",20023
"Investment funds","Other","2022-10",7691
"Total","Total","2022-11",162509
"Investment funds","Total","2022-11",102199
"Listed shares","Total","2022-11",55066
"Bonds","Total","2022-11",5243
"Investment funds","Equity","2022-11",52214
"Investment funds","Bonds","2022-11",20316
"Investment funds","Mixed","2022-11",22452
"Investment funds","Other","2022-11",7214
"Total","Total","2022-12",153238
"Investment funds","Total","2022-12",96576
"Listed shares","Total","2022-12",51600
"Bonds","Total","2022-12",5060
"Investment funds","Equity","2022-12",49397
"Investment funds","Bonds","2022-12",19742
"Investment funds","Mixed","2022-12",21473
"Investment funds","Other","2022-12",5963
"Total","Total","2023-01",161683
"Investment funds","Total","2023-01",100972
"Listed shares","Total","2023-01",55657
"Bonds","Total","2023-01",5053
"Investment funds","Equity","2023-01",52871
"Investment funds","Bonds","2023-01",20006
"Investment funds","Mixed","2023-01",22087
"Investment funds","Other","2023-01",6007
"Total","Total","2023-02",160700
"Investment funds","Total","2023-02",100089
"Listed shares","Total","2023-02",55693
"Bonds","Total","2023-02",4918
"Investment funds","Equity","2023-02",52432
"Investment funds","Bonds","2023-02",19800
"Investment funds","Mixed","2023-02",21881
"Investment funds","Other","2023-02",5974
"Total","Total","2023-03",160969
"Investment funds","Total","2023-03",100245
"Listed shares","Total","2023-03",55549
"Bonds","Total","2023-03",5174
"Investment funds","Equity","2023-03",52303
"Investment funds","Bonds","2023-03",20052
"Investment funds","Mixed","2023-03",21953
"Investment funds","Other","2023-03",5935
"Total","Total","2023-04",161445
"Investment funds","Total","2023-04",100472
"Listed shares","Total","2023-04",55537
"Bonds","Total","2023-04",5435
"Investment funds","Equity","2023-04",52424
"Investment funds","Bonds","2023-04",20106
"Investment funds","Mixed","2023-04",21947
"Investment funds","Other","2023-04",5993
"Total","Total","2023-05",163397
"Investment funds","Total","2023-05",101946
"Listed shares","Total","2023-05",55895
"Bonds","Total","2023-05",5555
"Investment funds","Equity","2023-05",53034
"Investment funds","Bonds","2023-05",19937
"Investment funds","Mixed","2023-05",22145
"Investment funds","Other","2023-05",6827
"Total","Total","2023-06",166555
"Investment funds","Total","2023-06",103562
"Listed shares","Total","2023-06",57304
"Bonds","Total","2023-06",5688
"Investment funds","Equity","2023-06",54289
"Investment funds","Bonds","2023-06",20057
"Investment funds","Mixed","2023-06",22397
"Investment funds","Other","2023-06",6817
"Total","Total","2023-07",169691
"Investment funds","Total","2023-07",104941
"Listed shares","Total","2023-07",58872
"Bonds","Total","2023-07",5878
"Investment funds","Equity","2023-07",55435
"Investment funds","Bonds","2023-07",20097
"Investment funds","Mixed","2023-07",22758
"Investment funds","Other","2023-07",6819
"Total","Total","2023-08",167175
"Investment funds","Total","2023-08",103882
"Listed shares","Total","2023-08",57370
"Bonds","Total","2023-08",5922
"Investment funds","Equity","2023-08",54524
"Investment funds","Bonds","2023-08",20103
"Investment funds","Mixed","2023-08",22516
"Investment funds","Other","2023-08",6822
"Total","Total","2023-09",162780
"Investment funds","Total","2023-09",101268
"Listed shares","Total","2023-09",55617
"Bonds","Total","2023-09",5894
"Investment funds","Equity","2023-09",53686
"Investment funds","Bonds","2023-09",19874
"Investment funds","Mixed","2023-09",21362
"Investment funds","Other","2023-09",6345
"Total","Total","2023-10",158606
"Investment funds","Total","2023-10",99130
"Investment funds","Equity","2023-10",52048
"Investment funds","Bonds","2023-10",19802
"Investment funds","Mixed","2023-10",20911
"Investment funds","Other","2023-10",6369
"Listed shares","Total","2023-10",53540
"Bonds","Total","2023-10",5934
"Total","Total","2023-11",165911
"Investment funds","Total","2023-11",103188
"Investment funds","Equity","2023-11",54838
"Investment funds","Bonds","2023-11",20158
"Investment funds","Mixed","2023-11",21625
"Investment funds","Other","2023-11",6565
"Listed shares","Total","2023-11",56673
"Bonds","Total","2023-11",6048
"Investment funds","Equity","2023-12",55817
"Investment funds","Mixed","2023-12",22112
"Investment funds","Bonds","2023-12",20473
"Investment funds","Other","2023-12",6383
"Listed shares","Total","2023-12",56827
"Bonds","Total","2023-12",5584
"Investment funds","Total","2023-12",104785
"Total","Total","2023-12",167196
"Investment funds","Equity","2024-01",57503
"Investment funds","Mixed","2024-01",22579
"Investment funds","Bonds","2024-01",20770
"Investment funds","Other","2024-01",6488
"Listed shares","Total","2024-01",58489
"Bonds","Total","2024-01",5920
"Investment funds","Total","2024-01",107340
"Total","Total","2024-01",171749
"Investment funds","Equity","2024-02",60126
"Investment funds","Mixed","2024-02",22981
"Investment funds","Bonds","2024-02",20123
"Investment funds","Other","2024-02",6617
"Listed shares","Total","2024-02",60469
"Bonds","Total","2024-02",6232
"Investment funds","Total","2024-02",109848
"Total","Total","2024-02",176548
"Investment funds","Equity","2024-03",62127
"Investment funds","Mixed","2024-03",23536
"Investment funds","Bonds","2024-03",20402
"Investment funds","Other","2024-03",6738
"Listed shares","Total","2024-03",62468
"Bonds","Total","2024-03",6613
"Investment funds","Total","2024-03",112804
"Total","Total","2024-03",181885
"Investment funds","Equity","2024-04",60841
"Investment funds","Mixed","2024-04",23311
"Investment funds","Bonds","2024-04",20275
"Investment funds","Other","2024-04",6856
"Listed shares","Total","2024-04",62561
"Bonds","Total","2024-04",7126
"Investment funds","Total","2024-04",111283
"Total","Total","2024-04",180971
"Investment funds","Equity","2024-05",61945
"Investment funds","Mixed","2024-05",22740
"Investment funds","Bonds","2024-05",20268
"Investment funds","Other","2024-05",8320
"Listed shares","Total","2024-05",64099
"Bonds","Total","2024-05",7252
"Investment funds","Total","2024-05",113273
"Total","Total","2024-05",184624
"Investment funds","Equity","2024-06",63655
"Investment funds","Mixed","2024-06",23073
"Investment funds","Bonds","2024-06",20467
"Investment funds","Other","2024-06",8438
"Listed shares","Total","2024-06",63981
"Bonds","Total","2024-06",7493
"Investment funds","Total","2024-06",115632
"Total","Total","2024-06",187105
"Investment funds","Equity","2024-07",65060
"Investment funds","Mixed","2024-07",23271
"Investment funds","Bonds","2024-07",20338
"Investment funds","Other","2024-07",8480
"Listed shares","Total","2024-07",64889
"Bonds","Total","2024-07",7437
"Investment funds","Total","2024-07",117149
"Total","Total","2024-07",189475
"Investment funds","Equity","2024-08",65713
"Investment funds","Mixed","2024-08",23406
"Investment funds","Bonds","2024-08",20254
"Investment funds","Other","2024-08",8944
"Listed shares","Total","2024-08",64835
"Bonds","Total","2024-08",7453
"Investment funds","Total","2024-08",118317
"Total","Total","2024-08",190605
"Investment funds","Equity","2024-09",66533
"Investment funds","Mixed","2024-09",23695
"Investment funds","Bonds","2024-09",20608
"Investment funds","Other","2024-09",8847
"Listed shares","Total","2024-09",64715
"Bonds","Total","2024-09",7312
"Investment funds","Total","2024-09",119683
"Total","Total","2024-09",191710
"Investment funds","Equity","2024-10",66419
"Investment funds","Mixed","2024-10",23624
"Investment funds","Bonds","2024-10",20677
"Investment funds","Other","2024-10",8873
"Listed shares","Total","2024-10",63123
"Bonds","Total","2024-10",7163
"Investment funds","Total","2024-10",119593
"Total","Total","2024-10",189879
"Investment funds","Equity","2024-11",69570
"Investment funds","Mixed","2024-11",24076
"Investment funds","Bonds","2024-11",20327
"Investment funds","Other","2024-11",9160
"Listed shares","Total","2024-11",66032
"Bonds","Total","2024-11",6659
"Investment funds","Total","2024-11",123133
"Total","Total","2024-11",195825
"Investment funds","Equity","2024-12",68650
"Investment funds","Mixed","2024-12",23716
"Investment funds","Bonds","2024-12",20309
"Investment funds","Other","2024-12",9060
"Listed shares","Total","2024-12",64946
"Bonds","Total","2024-12",5762
"Investment funds","Total","2024-12",121735
"Total","Total","2024-12",192444
"Source: DNB"
"Disclaimer: https://www.dnb.nl/en/statistics/information/disclaimer/"